Player,Nation,Pos,Squad,Age,Born,90s,Gls,Sh,SoT,SoT%,Sh/90,SoT/90,G/Sh,G/SoT,Average Distance of Shot,FK,PK,PKatt,xG,npxG,npxG/Sh,G-xG,np:G-xG,Season
Patrick van Aanholt,NED,DF,Crystal Palace,30,1990,9.2,0,12,5,41.7,1.3,0.54,0,0,19.5,3,0,0,0.7,0.7,0.06,-0.7,-0.7,2020/2021
Tammy Abraham,ENG,FW,Chelsea,23,1997,8.7,6,27,11,40.7,3.11,1.27,0.22,0.55,10,0,0,0,5.1,5.1,0.19,0.9,0.9,2020/2021
Che Adams,ENG,FW,Southampton,24,1996,15,4,28,14,50,1.87,0.94,0.14,0.29,13.7,0,0,0,3.5,3.5,0.13,0.5,0.5,2020/2021
Sergio Agüero,ARG,FW,Manchester City,32,1988,1.6,0,4,1,25,2.52,0.63,0,0,8.4,0,0,0,0.6,0.6,0.16,-0.6,-0.6,2020/2021
Ola Aina,NGA,DF,Fulham,24,1996,12,1,5,1,20,0.42,0.08,0.2,1,27,0,0,0,0.3,0.3,0.07,0.7,0.7,2020/2021
Rayan Aït Nouri,FRA,DF,Wolves,19,2001,5.9,1,7,3,42.9,1.19,0.51,0.14,0.33,18.8,0,0,0,0.3,0.3,0.04,0.7,0.7,2020/2021
Semi Ajayi,NGA,DF,West Brom,27,1993,16,1,4,1,25,0.25,0.06,0.25,1,10,0,0,0,0.3,0.3,0.08,0.7,0.7,2020/2021
Nathan Aké,NED,DF,Manchester City,25,1995,5.2,1,1,1,100,0.19,0.19,1,1,7,0,0,0,0.1,0.1,0.07,0.9,0.9,2020/2021
Marc Albrighton,ENG,DFFW,Leicester City,31,1989,7.8,0,7,2,28.6,0.9,0.26,0,0,20.4,0,0,0,0.5,0.5,0.07,-0.5,-0.5,2020/2021
Toby Alderweireld,BEL,DF,Tottenham,31,1989,10.9,1,5,2,40,0.46,0.18,0.2,0.5,7.9,0,0,0,0.3,0.3,0.07,0.7,0.7,2020/2021
Trent Alexander-Arnold,ENG,DF,Liverpool,22,1998,13.5,0,20,3,15,1.48,0.22,0,0,27.1,8,0,0,1,1,0.05,-1,-1,2020/2021
Ezgjan Alioski,MKD,DFMF,Leeds United,28,1992,10.8,2,13,5,38.5,1.2,0.46,0.15,0.4,19,0,0,0,0.9,0.9,0.07,1.1,1.1,2020/2021
Allan,BRA,MF,Everton,30,1991,11.4,0,4,1,25,0.35,0.09,0,0,23.8,0,0,0,0.1,0.1,0.03,-0.1,-0.1,2020/2021
Dele Alli,ENG,MFFW,Tottenham,24,1996,0.9,0,2,1,50,2.34,1.17,0,0,10.7,0,0,0,0.2,0.2,0.09,-0.2,-0.2,2020/2021
Miguel Almirón,PAR,MFFW,Newcastle Utd,26,1994,9.4,1,10,5,50,1.07,0.53,0.1,0.2,17.3,0,0,0,1,1,0.1,0,0,2020/2021
Steven Alzate,COL,MF,Brighton,22,1998,5.8,0,3,1,33.3,0.52,0.17,0,0,17.2,0,0,0,0.2,0.2,0.08,-0.2,-0.2,2020/2021
Michail Antonio,ENG,FW,West Ham,30,1990,6.4,3,20,10,50,3.15,1.57,0.15,0.3,14.2,0,0,0,2.8,2.8,0.14,0.2,0.2,2020/2021
Stuart Armstrong,SCO,MF,Southampton,28,1992,12.5,2,16,3,18.8,1.28,0.24,0.13,0.67,19.8,0,0,0,1,1,0.06,1,1,2020/2021
Pierre-Emerick Aubameyang,GAB,FW,Arsenal,31,1989,15,3,30,12,40,2.01,0.8,0.07,0.17,14.4,0,1,1,4.5,3.7,0.12,-1.5,-1.7,2020/2021
Serge Aurier,CIV,DF,Tottenham,28,1992,7.7,1,6,3,50,0.78,0.39,0.17,0.33,20,0,0,0,0.7,0.7,0.11,0.3,0.3,2020/2021
Jordan Ayew,GHA,FWMF,Crystal Palace,29,1991,8.4,1,10,6,60,1.19,0.71,0.1,0.17,14.5,0,0,0,1.2,1.2,0.12,-0.2,-0.2,2020/2021
Luke Ayling,ENG,DF,Leeds United,29,1991,16.8,0,12,3,25,0.72,0.18,0,0,18.1,0,0,0,0.6,0.6,0.05,-0.6,-0.6,2020/2021
César Azpilicueta,ESP,DF,Chelsea,31,1989,6.6,0,3,2,66.7,0.46,0.3,0,0,17.3,0,0,0,0.2,0.2,0.08,-0.2,-0.2,2020/2021
Fabián Balbuena,PAR,DF,West Ham,29,1991,12,1,7,2,28.6,0.58,0.17,0.14,0.5,9.1,0,0,0,0.6,0.6,0.09,0.4,0.4,2020/2021
George Baldock,ENG,DF,Sheffield Utd,27,1993,16,0,10,2,20,0.62,0.12,0,0,16.5,0,0,0,1,1,0.1,-1,-1,2020/2021
Gareth Bale,WAL,FW,Tottenham,31,1989,1.8,1,7,2,28.6,3.89,1.11,0.14,0.5,17.4,2,0,0,0.6,0.6,0.09,0.4,0.4,2020/2021
Patrick Bamford,ENG,FW,Leeds United,27,1993,16.2,10,64,26,40.6,3.96,1.61,0.14,0.35,12.9,0,1,1,11.1,10.3,0.16,-1.1,-1.3,2020/2021
Ross Barkley,ENG,MF,Chelsea,27,1993,0.5,0,1,1,100,2.14,2.14,0,0,28,0,0,0,0,0,0.03,0,0,2020/2021
Ross Barkley,ENG,MF,Aston Villa,27,1993,5,2,17,5,29.4,3.37,0.99,0.12,0.4,19,1,0,0,1.5,1.5,0.09,0.5,0.5,2020/2021
Ashley Barnes,ENG,FW,Burnley,31,1989,8.7,1,22,8,36.4,2.53,0.92,0.05,0.13,16.3,0,0,0,2.1,2.1,0.09,-1.1,-1.1,2020/2021
Harvey Barnes,ENG,FWMF,Leicester City,23,1997,13.2,5,34,16,47.1,2.57,1.21,0.15,0.31,16.8,0,0,0,3.5,3.5,0.1,1.5,1.5,2020/2021
Kyle Bartley,ENG,DF,West Brom,29,1991,8.3,1,6,3,50,0.72,0.36,0.17,0.33,6.6,0,0,0,1.1,1.1,0.18,-0.1,-0.1,2020/2021
Michy Batshuayi,BEL,FW,Crystal Palace,27,1993,4.8,0,7,3,42.9,1.47,0.63,0,0,17.7,0,0,0,0.6,0.6,0.09,-0.6,-0.6,2020/2021
Jan Bednarek,POL,DF,Southampton,24,1996,16,1,5,3,60,0.31,0.19,0.2,0.33,6.7,0,0,0,0.6,0.6,0.12,0.4,0.4,2020/2021
Donny van de Beek,NED,MFFW,Manchester Utd,23,1997,2.9,1,1,1,100,0.35,0.35,1,1,9.8,0,0,0,0.3,0.3,0.26,0.7,0.7,2020/2021
Héctor Bellerín,ESP,DF,Arsenal,25,1995,14.2,0,5,2,40,0.35,0.14,0,0,20.2,0,0,0,0.2,0.2,0.03,-0.2,-0.2,2020/2021
Saïd Benrahma,ALG,MFFW,West Ham,25,1995,4.4,0,13,4,30.8,2.95,0.91,0,0,19.1,1,0,0,0.7,0.7,0.06,-0.7,-0.7,2020/2021
Christian Benteke,BEL,FW,Crystal Palace,30,1990,6,3,23,9,39.1,3.83,1.5,0.13,0.33,9.2,0,0,0,2.9,2.9,0.13,0.1,0.1,2020/2021
Jóhann Berg Guðmundsson,ISL,MF,Burnley,30,1990,2.7,0,4,2,50,1.5,0.75,0,0,23.6,1,0,0,0.4,0.4,0.11,-0.4,-0.4,2020/2021
Sander Berge,NOR,MF,Sheffield Utd,22,1998,11.3,1,9,1,11.1,0.8,0.09,0,0,17.8,0,1,1,1.2,0.5,0.05,-0.2,-0.5,2020/2021
Steven Bergwijn,NED,FWMF,Tottenham,23,1997,7.6,0,9,1,11.1,1.19,0.13,0,0,15.5,0,0,0,1.5,1.5,0.17,-1.5,-1.5,2020/2021
Bernard,BRA,FWMF,Everton,28,1992,3,1,4,2,50,1.31,0.66,0.25,0.5,18.3,0,0,0,0.2,0.2,0.04,0.8,0.8,2020/2021
Ryan Bertrand,ENG,DF,Southampton,31,1989,15.9,0,4,1,25,0.25,0.06,0,0,21.6,0,0,0,0.3,0.3,0.08,-0.3,-0.3,2020/2021
Yves Bissouma,MLI,MF,Brighton,24,1996,15.3,1,19,2,10.5,1.24,0.13,0.05,0.5,25.1,1,0,0,0.5,0.5,0.03,0.5,0.5,2020/2021
Jayden Bogle,ENG,DFMF,Sheffield Utd,20,2000,1.4,1,2,2,100,1.42,1.42,0.5,0.5,10.8,0,0,0,0.2,0.2,0.1,0.8,0.8,2020/2021
Jarrod Bowen,ENG,FWMF,West Ham,24,1996,14.3,4,34,6,17.6,2.37,0.42,0.12,0.67,17.5,0,0,0,3.3,3.3,0.1,0.7,0.7,2020/2021
Robbie Brady,IRL,MF,Burnley,28,1992,6.8,1,7,4,57.1,1.04,0.59,0.14,0.25,20.4,2,0,0,0.4,0.4,0.05,0.6,0.6,2020/2021
Rhian Brewster,ENG,FW,Sheffield Utd,20,2000,6.7,0,9,3,33.3,1.35,0.45,0,0,16.2,1,0,0,1.1,1.1,0.13,-1.1,-1.1,2020/2021
Josh Brownhill,ENG,MF,Burnley,25,1995,14,0,14,1,7.1,1,0.07,0,0,20.5,4,0,0,0.7,0.7,0.05,-0.7,-0.7,2020/2021
Joe Bryan,ENG,DFFW,Fulham,27,1993,3.8,0,3,1,33.3,0.79,0.26,0,0,24.7,1,0,0,0.1,0.1,0.03,-0.1,-0.1,2020/2021
Oliver Burke,SCO,FW,Sheffield Utd,23,1997,6.8,0,9,3,33.3,1.32,0.44,0,0,13.1,0,0,0,1.2,1.2,0.14,-1.2,-1.2,2020/2021
Tom Cairney,SCO,MF,Fulham,29,1991,8.4,1,12,4,33.3,1.42,0.47,0.08,0.25,20,0,0,0,0.7,0.7,0.06,0.3,0.3,2020/2021
Dominic Calvert-Lewin,ENG,FW,Everton,23,1997,15.6,11,44,24,54.5,2.82,1.54,0.25,0.46,11.7,0,0,0,8.3,8.3,0.19,2.7,2.7,2020/2021
João Cancelo,POR,DFMF,Manchester City,26,1994,11,0,9,2,22.2,0.82,0.18,0,0,23.4,0,0,0,0.3,0.3,0.03,-0.3,-0.3,2020/2021
Ian Carlo Poveda,ENG,MFDF,Leeds United,20,2000,2.6,0,5,3,60,1.9,1.14,0,0,17.6,0,0,0,0.4,0.4,0.07,-0.4,-0.4,2020/2021
Andy Carroll,ENG,FW,Newcastle Utd,32,1989,2.4,1,9,1,11.1,3.77,0.42,0.11,1,14.6,0,0,0,0.6,0.6,0.07,0.4,0.4,2020/2021
Matty Cash,ENG,DF,Aston Villa,23,1997,13.6,0,5,1,20,0.37,0.07,0,0,20.6,0,0,0,0.2,0.2,0.05,-0.2,-0.2,2020/2021
Timothy Castagne,BEL,DF,Leicester City,25,1995,8.7,1,2,2,100,0.23,0.23,0.5,0.5,7.2,0,0,0,0.3,0.3,0.14,0.7,0.7,2020/2021
Ivan Cavaleiro,POR,FW,Fulham,27,1993,10.8,1,18,8,44.4,1.67,0.74,0,0,19.4,0,1,2,2.5,1.8,0.1,-1.5,-1.8,2020/2021
Edinson Cavani,URU,FW,Manchester Utd,33,1987,3.4,3,13,5,38.5,3.87,1.49,0.23,0.6,9.9,0,0,0,2.4,2.4,0.19,0.6,0.6,2020/2021
Ben Chilwell,ENG,DF,Chelsea,24,1996,13,2,11,6,54.5,0.85,0.46,0.18,0.33,12.9,0,0,0,1,1,0.09,1,1,2020/2021
Ciaran Clark,IRL,DF,Newcastle Utd,31,1989,8,1,5,2,40,0.62,0.25,0.2,0.5,11.3,0,0,0,0.2,0.2,0.04,0.8,0.8,2020/2021
Nathaniel Clyne,ENG,DF,Crystal Palace,29,1991,8.8,0,2,1,50,0.23,0.11,0,0,23.6,0,0,0,0,0,0.02,0,0,2020/2021
Séamus Coleman,IRL,DF,Everton,32,1988,6.3,0,3,3,100,0.47,0.47,0,0,22.3,0,0,0,0.2,0.2,0.05,-0.2,-0.2,2020/2021
Aaron Connolly,IRL,FW,Brighton,20,2000,6.5,2,14,6,42.9,2.17,0.93,0.14,0.33,13.1,0,0,0,2.1,2.1,0.15,-0.1,-0.1,2020/2021
Liam Cooper,SCO,DF,Leeds United,29,1991,10.8,1,6,2,33.3,0.56,0.19,0.17,0.5,8.4,0,0,0,0.4,0.4,0.07,0.6,0.6,2020/2021
Hélder Costa,POR,MF,Leeds United,26,1994,7.5,2,9,4,44.4,1.19,0.53,0.22,0.5,14.7,0,0,0,1,1,0.11,1,1,2020/2021
Vladimír Coufal,CZE,DF,West Ham,28,1992,12.9,0,4,1,25,0.31,0.08,0,0,16.4,0,0,0,0.3,0.3,0.07,-0.3,-0.3,2020/2021
Aaron Cresswell,ENG,DF,West Ham,31,1989,17,0,10,3,30,0.59,0.18,0,0,23.7,5,0,0,0.5,0.5,0.05,-0.5,-0.5,2020/2021
Stuart Dallas,NIR,DFMF,Leeds United,29,1991,16.9,3,20,8,40,1.18,0.47,0.15,0.38,20.8,0,0,0,1.9,1.9,0.1,1.1,1.1,2020/2021
Scott Dann,ENG,DF,Crystal Palace,33,1987,8,1,5,2,40,0.62,0.25,0.2,0.5,9.2,0,0,0,0.3,0.3,0.07,0.7,0.7,2020/2021
Kevin De Bruyne,BEL,MF,Manchester City,29,1991,13.2,3,47,13,27.7,3.56,0.98,0.02,0.08,21.1,8,2,3,7,4.7,0.1,-4,-3.7,2020/2021
Leander Dendoncker,BEL,MF,Wolves,25,1995,10.5,0,15,6,40,1.43,0.57,0,0,13.6,0,0,0,2,2,0.13,-2,-2,2020/2021
Grady Diangana,ENG,MFFW,West Brom,22,1998,11.9,1,12,5,41.7,1.01,0.42,0.08,0.2,16.1,0,0,0,1,1,0.08,0,0,2020/2021
Raphael Dias Belloli,BRA,MF,Leeds United,24,1996,9.3,2,30,11,36.7,3.23,1.19,0.07,0.18,17.8,1,0,0,2.3,2.3,0.08,-0.3,-0.3,2020/2021
Rúben Dias,POR,DF,Manchester City,23,1997,12.8,0,7,3,42.9,0.55,0.23,0,0,7.8,0,0,0,0.8,0.8,0.12,-0.8,-0.8,2020/2021
Eric Dier,ENG,DF,Tottenham,26,1994,15,0,8,2,25,0.53,0.13,0,0,22.9,5,0,0,0.4,0.4,0.05,-0.4,-0.4,2020/2021
Virgil van Dijk,NED,DF,Liverpool,29,1991,4.1,1,4,2,50,0.97,0.49,0.25,0.5,13.5,0,0,0,0.3,0.3,0.08,0.7,0.7,2020/2021
Moussa Djenepo,MLI,MF,Southampton,22,1998,7.7,1,9,2,22.2,1.16,0.26,0.11,0.5,20.2,0,0,0,0.5,0.5,0.05,0.5,0.5,2020/2021
Matt Doherty,IRL,DF,Tottenham,28,1992,7.8,0,1,1,100,0.13,0.13,0,0,5.8,0,0,0,0.3,0.3,0.34,-0.3,-0.3,2020/2021
Gabriel Dos Santos,BRA,DF,Arsenal,23,1997,11.7,2,10,3,30,0.86,0.26,0.2,0.67,11,0,0,0,0.7,0.7,0.07,1.3,1.3,2020/2021
Abdoulaye Doucouré,FRA,MF,Everton,28,1993,15.1,1,13,4,30.8,0.86,0.27,0.08,0.25,17.9,0,0,0,1.4,1.4,0.11,-0.4,-0.4,2020/2021
Lewis Dunk,ENG,DF,Brighton,29,1991,14,2,13,4,30.8,0.93,0.29,0.15,0.5,11.9,1,0,0,1.6,1.6,0.13,0.4,0.4,2020/2021
Jimmy Dunne,IRL,DF,Burnley,23,1997,2,1,3,1,33.3,1.5,0.5,0.33,1,8.4,0,0,0,0.3,0.3,0.09,0.7,0.7,2020/2021
Kyle Edwards,ENG,MFFW,West Brom,22,1998,1.3,0,2,1,50,1.53,0.76,0,0,15.1,0,0,0,0.1,0.1,0.07,-0.1,-0.1,2020/2021
Eberechi Eze,ENG,MF,Crystal Palace,22,1998,10.7,2,16,7,43.8,1.5,0.65,0.13,0.29,20.3,2,0,0,1,1,0.07,1,1,2020/2021
Bruno Fernandes,POR,MF,Manchester Utd,26,1994,14.4,11,45,16,35.6,3.12,1.11,0.13,0.38,23.4,5,5,6,8.2,3.6,0.08,2.8,2.4,2020/2021
Federico Fernández,ARG,DF,Newcastle Utd,31,1989,14.5,0,1,1,100,0.07,0.07,0,0,5.8,0,0,0,0.1,0.1,0.08,-0.1,-0.1,2020/2021
Fernandinho,BRA,MF,Manchester City,35,1985,3.8,0,7,1,14.3,1.85,0.26,0,0,18.9,0,0,0,0.5,0.5,0.07,-0.5,-0.5,2020/2021
Roberto Firmino,BRA,FWMF,Liverpool,29,1991,15.5,5,38,15,39.5,2.46,0.97,0.13,0.33,12.6,0,0,0,6,6,0.16,-1,-1,2020/2021
John Fleck,SCO,MF,Sheffield Utd,29,1991,8.7,0,7,1,14.3,0.8,0.11,0,0,21.2,0,0,0,0.5,0.5,0.07,-0.5,-0.5,2020/2021
Phil Foden,ENG,FWDF,Manchester City,20,2000,6.6,3,17,6,35.3,2.59,0.92,0.18,0.5,14.9,0,0,0,2,2,0.12,1,1,2020/2021
Pablo Fornals,ESP,MFFW,West Ham,24,1996,14,2,23,7,30.4,1.64,0.5,0.09,0.29,14.4,0,0,0,3.6,3.6,0.16,-1.6,-1.6,2020/2021
Ryan Fraser,SCO,MF,Newcastle Utd,26,1994,3.1,0,2,1,50,0.65,0.33,0,0,26.9,0,0,0,0.1,0.1,0.04,-0.1,-0.1,2020/2021
Fred,BRA,MF,Manchester Utd,27,1993,10.1,0,8,1,12.5,0.79,0.1,0,0,21.3,0,0,0,0.5,0.5,0.07,-0.5,-0.5,2020/2021
Ryan Fredericks,ENG,DF,West Ham,28,1992,3.5,0,1,1,100,0.28,0.28,0,0,5.8,0,0,0,0.2,0.2,0.15,-0.2,-0.2,2020/2021
Darnell Furlong,ENG,DF,West Brom,25,1995,15.8,1,13,3,23.1,0.83,0.19,0.08,0.33,13.6,0,0,0,0.8,0.8,0.06,0.2,0.2,2020/2021
Conor Gallagher,ENG,MF,West Brom,20,2000,12.9,2,18,5,27.8,1.4,0.39,0.11,0.4,21.7,0,0,0,0.9,0.9,0.05,1.1,1.1,2020/2021
Dwight Gayle,ENG,FW,Newcastle Utd,30,1990,0.7,1,3,1,33.3,4.22,1.41,0.33,1,11.3,0,0,0,0.2,0.2,0.07,0.8,0.8,2020/2021
Anwar El Ghazi,NED,FW,Aston Villa,25,1995,5.4,5,25,14,56,4.67,2.61,0.12,0.21,19.8,2,2,2,3.8,2.3,0.09,1.2,0.7,2020/2021
Olivier Giroud,FRA,FW,Chelsea,34,1986,4,3,15,4,26.7,3.74,1,0.2,0.75,9.5,0,0,0,2.6,2.6,0.18,0.4,0.4,2020/2021
Ben Godfrey,ENG,DF,Everton,22,1998,9.7,0,1,1,100,0.1,0.1,0,0,11,0,0,0,0.1,0.1,0.1,-0.1,-0.1,2020/2021
Karlan Grant,ENG,FW,West Brom,23,1997,9.5,1,15,8,53.3,1.58,0.84,0.07,0.13,14.7,1,0,0,2.1,2.1,0.14,-1.1,-1.1,2020/2021
Jack Grealish,ENG,FWMF,Aston Villa,25,1995,15,5,39,12,30.8,2.6,0.8,0.13,0.42,16.3,1,0,0,3.4,3.4,0.09,1.6,1.6,2020/2021
Mason Greenwood,ENG,FW,Manchester Utd,19,2001,6.9,1,19,5,26.3,2.76,0.73,0.05,0.2,17.7,0,0,0,1.7,1.7,0.09,-0.7,-0.7,2020/2021
Pascal Groß,GER,MF,Brighton,29,1991,8,2,8,1,12.5,1,0.13,0,0,20.4,0,2,2,2.1,0.6,0.08,-0.1,-0.6,2020/2021
İlkay Gündoğan,GER,MF,Manchester City,30,1990,8.2,3,14,5,35.7,1.71,0.61,0.21,0.6,16.1,1,0,0,1.6,1.6,0.11,1.4,1.4,2020/2021
Sébastien Haller,CIV,FW,West Ham,26,1994,10.4,3,25,11,44,2.4,1.06,0.12,0.27,9.5,0,0,0,2.9,2.9,0.12,0.1,0.1,2020/2021
Rekeem Harper,ENG,MF,West Brom,20,2000,0.4,0,1,1,100,2.81,2.81,0,0,23,0,0,0,0,0,0.04,0,0,2020/2021
Jack Harrison,ENG,MF,Leeds United,24,1996,14.5,3,23,6,26.1,1.58,0.41,0.13,0.5,16.2,1,0,0,2.9,2.9,0.13,0.1,0.1,2020/2021
Kortney Hause,ENG,DF,Aston Villa,25,1995,4,1,3,1,33.3,0.75,0.25,0.33,1,6.4,0,0,0,1.1,1.1,0.36,-0.1,-0.1,2020/2021
Kai Havertz,GER,MFFW,Chelsea,21,1999,9.1,1,10,4,40,1.1,0.44,0.1,0.25,15.3,0,0,0,1.4,1.4,0.14,-0.4,-0.4,2020/2021
Isaac Hayden,ENG,MFDF,Newcastle Utd,25,1995,10.1,0,5,1,20,0.49,0.1,0,0,25.2,0,0,0,0.1,0.1,0.02,-0.1,-0.1,2020/2021
Jordan Henderson,ENG,MFDF,Liverpool,30,1990,12.6,1,12,3,25,0.95,0.24,0.08,0.33,18.6,0,0,0,1.4,1.4,0.12,-0.4,-0.4,2020/2021
Jeff Hendrick,IRL,MF,Newcastle Utd,28,1992,9.1,2,8,2,25,0.88,0.22,0.25,1,18.2,0,0,0,0.9,0.9,0.11,1.1,1.1,2020/2021
Pablo Hernández,ESP,MF,Leeds United,35,1985,2.7,0,8,1,12.5,2.96,0.37,0,0,17.1,0,0,0,0.8,0.8,0.11,-0.8,-0.8,2020/2021
Son Heung-min,KOR,FW,Tottenham,28,1992,14.9,12,28,17,60.7,1.87,1.14,0.43,0.71,15,0,0,0,5.3,5.3,0.19,6.7,6.7,2020/2021
Rob Holding,ENG,DF,Arsenal,25,1995,13.5,0,9,2,22.2,0.67,0.15,0,0,13.7,0,0,0,0.8,0.8,0.08,-0.8,-0.8,2020/2021
Mason Holgate,ENG,DF,Everton,24,1996,6.9,1,4,2,50,0.58,0.29,0.25,0.5,11.8,0,0,0,0.7,0.7,0.19,0.3,0.3,2020/2021
Conor Hourihane,IRL,MF,Aston Villa,29,1991,2.5,1,5,2,40,2,0.8,0.2,0.5,21.3,1,0,0,0.5,0.5,0.1,0.5,0.5,2020/2021
Callum Hudson-Odoi,ENG,FW,Chelsea,20,2000,3.7,2,8,3,37.5,2.16,0.81,0.25,0.67,18.8,0,0,0,0.6,0.6,0.08,1.4,1.4,2020/2021
Pierre Højbjerg,DEN,MF,Tottenham,25,1995,16,0,6,2,33.3,0.37,0.12,0,0,26.8,0,0,0,0.3,0.3,0.05,-0.3,-0.3,2020/2021
Kelechi Iheanacho,NGA,FWMF,Leicester City,24,1996,2.6,0,8,1,12.5,3.03,0.38,0,0,15.2,0,0,1,1.4,0.7,0.08,-1.4,-0.7,2020/2021
Danny Ings,ENG,FW,Southampton,28,1992,11.7,7,25,13,52,2.13,1.11,0.2,0.38,15.9,0,2,2,4.8,3.3,0.13,2.2,1.7,2020/2021
Branislav Ivanović,SRB,DF,West Brom,36,1984,8.2,0,4,1,25,0.49,0.12,0,0,6.5,0,0,0,0.6,0.6,0.15,-0.6,-0.6,2020/2021
Alex Iwobi,NGA,FWDF,Everton,24,1996,8.7,0,6,1,16.7,0.69,0.12,0,0,20.2,0,0,0,0.2,0.2,0.03,-0.2,-0.2,2020/2021
Alireza Jahanbakhsh,IRN,FWDF,Brighton,27,1993,2.8,0,11,2,18.2,3.91,0.71,0,0,15.2,0,0,0,1.1,1.1,0.1,-1.1,-1.1,2020/2021
Daniel James,WAL,FW,Manchester Utd,23,1997,3.6,1,10,4,40,2.78,1.11,0.1,0.25,18.4,0,0,0,0.7,0.7,0.07,0.3,0.3,2020/2021
Reece James,ENG,DF,Chelsea,21,1999,12,1,17,6,35.3,1.41,0.5,0.06,0.17,23.6,3,0,0,0.5,0.5,0.03,0.5,0.5,2020/2021
Gabriel Jesus,BRA,FW,Manchester City,23,1997,7,2,13,4,30.8,1.86,0.57,0.15,0.5,11.2,0,0,0,1.8,1.8,0.14,0.2,0.2,2020/2021
Raúl Jiménez,MEX,FW,Wolves,29,1991,9.1,4,26,10,38.5,2.84,1.09,0.15,0.4,15.4,0,0,0,2.4,2.4,0.09,1.6,1.6,2020/2021
Joelinton,BRA,FWMF,Newcastle Utd,24,1996,10.6,1,22,8,36.4,2.08,0.76,0.05,0.13,15.3,0,0,0,1.7,1.7,0.08,-0.7,-0.7,2020/2021
Ben Johnson,ENG,DF,West Ham,20,2000,1.6,1,1,1,100,0.62,0.62,1,1,10.2,0,0,0,0.3,0.3,0.33,0.7,0.7,2020/2021
Curtis Jones,ENG,MF,Liverpool,19,2001,7.5,0,9,5,55.6,1.21,0.67,0,0,18.7,0,0,0,0.6,0.6,0.07,-0.6,-0.6,2020/2021
Diogo Jota,POR,FW,Liverpool,24,1996,5.6,5,20,11,55,3.58,1.97,0.25,0.45,14.8,0,0,0,2.4,2.4,0.12,2.6,2.6,2020/2021
James Justin,ENG,DF,Leicester City,22,1998,17,1,5,1,20,0.29,0.06,0.2,1,21.2,0,0,0,0.5,0.5,0.1,0.5,0.5,2020/2021
Aboubakar Kamara,FRA,FWDF,Fulham,25,1995,3.1,0,3,1,33.3,0.96,0.32,0,0,18.9,0,0,0,0.4,0.4,0.12,-0.4,-0.4,2020/2021
Harry Kane,ENG,FW,Tottenham,27,1993,15.9,10,59,21,35.6,3.72,1.32,0.12,0.33,18.1,5,3,3,8.7,6.5,0.11,1.3,0.5,2020/2021
N'Golo Kanté,FRA,MF,Chelsea,29,1991,16.4,0,4,1,25,0.24,0.06,0,0,22,0,0,0,0.3,0.3,0.07,-0.3,-0.3,2020/2021
Michael Keane,ENG,DF,Everton,28,1993,14.7,2,8,3,37.5,0.54,0.2,0.25,0.67,10.6,0,0,0,1,1,0.12,1,1,2020/2021
Naby Keïta,GUI,MF,Liverpool,25,1995,4.4,0,7,1,14.3,1.59,0.23,0,0,18.5,0,0,0,0.5,0.5,0.07,-0.5,-0.5,2020/2021
Max Kilman,ENG,DF,Wolves,23,1997,8.4,0,3,1,33.3,0.36,0.12,0,0,8.7,0,0,0,0.3,0.3,0.09,-0.3,-0.3,2020/2021
Mateusz Klich,POL,MF,Leeds United,30,1990,15.6,3,18,5,27.8,1.16,0.32,0.06,0.2,22.7,0,2,2,2.5,1,0.06,0.5,0,2020/2021
Robin Koch,GER,DF,Leeds United,24,1996,10.1,0,7,2,28.6,0.69,0.2,0,0,9.1,0,0,0,0.7,0.7,0.1,-0.7,-0.7,2020/2021
Ezri Konsa,ENG,DF,Aston Villa,23,1997,12.5,2,8,4,50,0.64,0.32,0.25,0.5,9.6,0,0,0,0.6,0.6,0.08,1.4,1.4,2020/2021
Cheikhou Kouyaté,SEN,DF,Crystal Palace,31,1989,16.7,1,7,2,28.6,0.42,0.12,0.14,0.5,9.6,0,0,0,0.8,0.8,0.11,0.2,0.2,2020/2021
Mateo Kovačić,CRO,MF,Chelsea,26,1994,7.2,0,9,1,11.1,1.24,0.14,0,0,24.4,0,0,0,0.3,0.3,0.03,-0.3,-0.3,2020/2021
Filip Krovinović,CRO,MF,West Brom,25,1995,6.1,0,8,2,25,1.32,0.33,0,0,24.1,0,0,0,0.2,0.2,0.03,-0.2,-0.2,2020/2021
Alexandre Lacazette,FRA,FW,Arsenal,29,1991,9.6,7,23,15,65.2,2.4,1.56,0.26,0.4,11.7,1,1,1,5,4.2,0.19,2,1.8,2020/2021
Érik Lamela,ARG,FW,Tottenham,28,1992,2.2,0,8,3,37.5,3.65,1.37,0,0,17.7,3,0,0,0.7,0.7,0.08,-0.7,-0.7,2020/2021
Tariq Lamptey,ENG,DF,Brighton,20,2000,9.8,1,6,2,33.3,0.61,0.2,0.17,0.5,12.1,0,0,0,0.6,0.6,0.09,0.4,0.4,2020/2021
Manuel Lanzini,ARG,MFFW,West Ham,27,1993,2.6,1,6,2,33.3,2.32,0.77,0.17,0.5,17,0,0,0,0.5,0.5,0.08,0.5,0.5,2020/2021
Jamal Lewis,NIR,DF,Newcastle Utd,22,1998,11.3,0,1,1,100,0.09,0.09,0,0,25.5,0,0,0,0,0,0.03,0,0,2020/2021
Victor Lindelöf,SWE,DF,Manchester Utd,26,1994,12.7,1,4,1,25,0.31,0.08,0.25,1,5.9,0,0,0,0.6,0.6,0.16,0.4,0.4,2020/2021
Giovani Lo Celso,ARG,MFFW,Tottenham,24,1996,4.9,1,9,5,55.6,1.85,1.03,0.11,0.2,16.4,1,0,0,0.8,0.8,0.09,0.2,0.2,2020/2021
Ruben Loftus-Cheek,ENG,FWMF,Fulham,24,1996,6.7,1,7,3,42.9,1.04,0.45,0.14,0.33,17.1,0,0,0,0.6,0.6,0.09,0.4,0.4,2020/2021
Shane Long,IRL,FWMF,Southampton,33,1987,2.1,0,2,1,50,0.94,0.47,0,0,19.1,0,0,0,0,0,0.02,0,0,2020/2021
Sean Longstaff,ENG,MF,Newcastle Utd,23,1997,8.2,0,8,4,50,0.98,0.49,0,0,21.1,1,0,0,0.6,0.6,0.07,-0.6,-0.6,2020/2021
Ademola Lookman,ENG,FW,Fulham,23,1997,11.2,2,28,13,46.4,2.5,1.16,0.07,0.15,16.9,2,0,1,2.9,2.2,0.08,-0.9,-0.2,2020/2021
Max Lowe,ENG,DF,Sheffield Utd,23,1997,4.6,0,2,1,50,0.44,0.22,0,0,23,0,0,0,0.1,0.1,0.03,-0.1,-0.1,2020/2021
Matthew Lowton,ENG,DF,Burnley,31,1989,11,0,4,1,25,0.36,0.09,0,0,25.8,0,0,0,0.1,0.1,0.02,-0.1,-0.1,2020/2021
Douglas Luiz,BRA,MF,Aston Villa,22,1998,13.6,0,11,4,36.4,0.81,0.29,0,0,23.2,0,0,0,0.4,0.4,0.03,-0.4,-0.4,2020/2021
John Lundstram,ENG,MF,Sheffield Utd,26,1994,8.5,0,10,4,40,1.17,0.47,0,0,25.4,1,0,1,1.6,0.9,0.09,-1.6,-0.9,2020/2021
Alexis Mac Allister,ARG,FWMF,Brighton,22,1998,1.5,1,4,1,25,2.75,0.69,0.25,1,22.3,0,0,0,0.2,0.2,0.04,0.8,0.8,2020/2021
James Maddison,ENG,MFFW,Leicester City,24,1996,10.7,4,29,8,27.6,2.71,0.75,0.14,0.5,25.3,5,0,0,1.5,1.5,0.05,2.5,2.5,2020/2021
Harry Maguire,ENG,DF,Manchester Utd,27,1993,16,1,20,5,25,1.25,0.31,0.05,0.2,12.3,0,0,0,1.2,1.2,0.06,-0.2,-0.2,2020/2021
Riyad Mahrez,ALG,FWDF,Manchester City,29,1991,8.6,4,25,11,44,2.92,1.29,0.16,0.36,15.6,1,0,0,2.3,2.3,0.09,1.7,1.7,2020/2021
Sadio Mané,SEN,FW,Liverpool,28,1992,14.8,6,48,20,41.7,3.25,1.35,0.13,0.3,13.5,0,0,0,7.6,7.6,0.16,-1.6,-1.6,2020/2021
Solly March,ENG,DF,Brighton,26,1994,14.6,2,17,4,23.5,1.17,0.27,0.12,0.5,17.9,1,0,0,1.2,1.2,0.07,0.8,0.8,2020/2021
Anthony Martial,FRA,FW,Manchester Utd,25,1995,9.2,2,24,11,45.8,2.62,1.2,0.08,0.18,15.4,0,0,0,3.1,3.1,0.13,-1.1,-1.1,2020/2021
Martinelli,BRA,FW,Arsenal,19,2001,1.7,0,6,2,33.3,3.48,1.16,0,0,13.4,0,0,0,0.6,0.6,0.11,-0.6,-0.6,2020/2021
Arthur Masuaku,COD,DF,West Ham,27,1993,9.4,0,6,2,33.3,0.64,0.21,0,0,21.3,0,0,0,0.3,0.3,0.05,-0.3,-0.3,2020/2021
Juan Mata,ESP,FW,Manchester Utd,32,1988,3.7,0,4,3,75,1.07,0.81,0,0,17.6,0,0,0,0.3,0.3,0.08,-0.3,-0.3,2020/2021
Nemanja Matić,SRB,MF,Manchester Utd,32,1988,6.1,0,3,2,66.7,0.49,0.33,0,0,24.2,0,0,0,0.1,0.1,0.03,-0.1,-0.1,2020/2021
Joël Matip,CMR,DF,Liverpool,29,1991,6.2,1,5,2,40,0.81,0.32,0.2,0.5,6.8,0,0,0,0.6,0.6,0.13,0.4,0.4,2020/2021
Neal Maupay,FRA,FWMF,Brighton,24,1996,12.4,6,32,12,37.5,2.57,0.97,0.09,0.25,16.3,0,3,4,7.4,4.3,0.14,-1.4,-1.3,2020/2021
Oliver McBurnie,SCO,FW,Sheffield Utd,24,1996,9.2,1,24,10,41.7,2.62,1.09,0.04,0.1,11.2,0,0,0,2.7,2.7,0.11,-1.7,-1.7,2020/2021
John McGinn,SCO,MF,Aston Villa,26,1994,15,1,18,3,16.7,1.2,0.2,0.06,0.33,21,0,0,0,0.9,0.9,0.05,0.1,0.1,2020/2021
David McGoldrick,IRL,FWMF,Sheffield Utd,33,1987,10.3,4,22,9,40.9,2.14,0.88,0.18,0.44,18,0,0,0,2.6,2.6,0.12,1.4,1.4,2020/2021
Scott McTominay,SCO,MF,Manchester Utd,24,1996,10.2,2,9,2,22.2,0.88,0.2,0.22,1,17.5,0,0,0,0.9,0.9,0.09,1.1,1.1,2020/2021
Ben Mee,ENG,DF,Burnley,31,1989,9,1,7,3,42.9,0.78,0.33,0.14,0.33,11.5,0,0,0,0.6,0.6,0.09,0.4,0.4,2020/2021
Benjamin Mendy,FRA,DF,Manchester City,26,1994,5.6,1,3,1,33.3,0.54,0.18,0.33,1,19.1,0,0,0,0.1,0.1,0.04,0.9,0.9,2020/2021
Luka Milivojević,SRB,MF,Crystal Palace,29,1991,9.1,0,10,3,30,1.1,0.33,0,0,27.4,4,0,0,0.5,0.5,0.05,-0.5,-0.5,2020/2021
James Milner,ENG,MFDF,Liverpool,35,1986,3.9,0,3,1,33.3,0.78,0.26,0,0,22.6,0,0,0,0.1,0.1,0.02,-0.1,-0.1,2020/2021
Yerry Mina,COL,DF,Everton,26,1994,14,2,9,4,44.4,0.64,0.29,0.22,0.5,11.9,0,0,0,0.5,0.5,0.06,1.5,1.5,2020/2021
Takumi Minamino,JPN,MFFW,Liverpool,25,1995,3.2,1,6,3,50,1.89,0.94,0.17,0.33,16.1,0,0,0,0.6,0.6,0.1,0.4,0.4,2020/2021
Tyrone Mings,ENG,DF,Aston Villa,27,1993,13.5,2,10,5,50,0.74,0.37,0.2,0.4,8.7,0,0,0,1,1,0.1,1,1,2020/2021
Tyrick Mitchell,ENG,DF,Crystal Palace,21,1999,8,0,1,1,100,0.12,0.12,0,0,12.2,0,0,0,0.1,0.1,0.08,-0.1,-0.1,2020/2021
Aleksandar Mitrović,SRB,FW,Fulham,26,1994,8.8,2,33,8,24.2,3.75,0.91,0.03,0.13,14.3,1,1,2,4.3,2.8,0.09,-2.3,-1.8,2020/2021
Mason Mount,ENG,MFFW,Chelsea,22,1999,15,1,31,9,29,2.07,0.6,0.03,0.11,21.8,4,0,0,1.6,1.6,0.05,-0.6,-0.6,2020/2021
Lucas Moura,BRA,FWMF,Tottenham,28,1992,5.1,1,5,3,60,0.97,0.58,0.2,0.33,10.9,0,0,0,0.8,0.8,0.17,0.2,0.2,2020/2021
Lys Mousset,FRA,FW,Sheffield Utd,24,1996,2.3,0,3,2,66.7,1.33,0.89,0,0,17.2,0,0,0,0.6,0.6,0.21,-0.6,-0.6,2020/2021
João Moutinho,POR,MF,Wolves,34,1986,11.9,0,5,1,20,0.42,0.08,0,0,23.4,1,0,0,0.2,0.2,0.04,-0.2,-0.2,2020/2021
Jacob Murphy,ENG,DFFW,Newcastle Utd,25,1995,7.2,1,11,4,36.4,1.53,0.55,0.09,0.25,25.1,3,0,0,0.3,0.3,0.03,0.7,0.7,2020/2021
Marvelous Nakamba,ZIM,MF,Aston Villa,26,1994,1.2,0,1,1,100,0.85,0.85,0,0,27,0,0,0,0,0,0.03,0,0,2020/2021
Tanguy Ndombele,FRA,MF,Tottenham,24,1996,8.9,2,9,5,55.6,1.01,0.56,0.22,0.4,15.6,0,0,0,1,1,0.11,1,1,2020/2021
Pedro Neto,POR,FWMF,Wolves,20,2000,15,4,32,12,37.5,2.13,0.8,0.13,0.33,19.2,0,0,0,2.3,2.3,0.07,1.7,1.7,2020/2021
Rúben Neves,POR,MF,Wolves,23,1997,12.8,1,28,7,25,2.19,0.55,0,0,26,4,1,1,1.8,1.1,0.04,-0.8,-1.1,2020/2021
Eddie Nketiah,ENG,FW,Arsenal,21,1999,3.5,1,6,4,66.7,1.71,1.14,0.17,0.25,14,0,0,0,1.1,1.1,0.19,-0.1,-0.1,2020/2021
Denis Odoi,BEL,DF,Fulham,32,1988,3,0,2,1,50,0.67,0.33,0,0,23.5,0,0,0,0.1,0.1,0.04,-0.1,-0.1,2020/2021
Angelo Ogbonna,ITA,DF,West Ham,32,1988,16.7,2,7,3,42.9,0.42,0.18,0.29,0.67,8.5,0,0,0,0.7,0.7,0.1,1.3,1.3,2020/2021
Ben Osborn,ENG,MFDF,Sheffield Utd,26,1994,7.5,0,2,1,50,0.27,0.13,0,0,15.1,0,0,0,0.2,0.2,0.12,-0.2,-0.2,2020/2021
Thomas Partey,GHA,MF,Arsenal,27,1993,3.1,0,5,2,40,1.62,0.65,0,0,22.4,0,0,0,0.5,0.5,0.1,-0.5,-0.5,2020/2021
Nicolas Pépé,CIV,FWMF,Arsenal,25,1995,5.1,2,12,4,33.3,2.37,0.79,0.08,0.25,19.8,1,1,1,1.7,0.9,0.08,0.3,0.1,2020/2021
Matheus Pereira,BRA,MFFW,West Brom,24,1996,10.2,1,17,5,29.4,1.66,0.49,0.06,0.2,21.2,4,0,0,0.8,0.8,0.05,0.2,0.2,2020/2021
Ayoze Pérez,ESP,MFFW,Leicester City,27,1993,6,1,15,4,26.7,2.51,0.67,0.07,0.25,16.7,1,0,0,1.7,1.7,0.11,-0.7,-0.7,2020/2021
Kalvin Phillips,ENG,MF,Leeds United,25,1995,13.5,0,8,3,37.5,0.59,0.22,0,0,24.5,1,0,0,0.2,0.2,0.03,-0.2,-0.2,2020/2021
Matt Phillips,SCO,MFDF,West Brom,29,1991,7.2,0,7,4,57.1,0.97,0.56,0,0,25.6,1,0,0,0.3,0.3,0.05,-0.3,-0.3,2020/2021
Erik Pieters,NED,DFMF,Burnley,32,1988,4,0,2,1,50,0.5,0.25,0,0,10.6,0,0,0,0.1,0.1,0.05,-0.1,-0.1,2020/2021
Daniel Podence,POR,FWMF,Wolves,25,1995,12.4,3,25,13,52,2.01,1.05,0.12,0.23,16.2,0,0,0,2.6,2.6,0.1,0.4,0.4,2020/2021
Paul Pogba,FRA,MFFW,Manchester Utd,27,1993,9.6,1,12,5,41.7,1.25,0.52,0.08,0.2,17.3,0,0,0,0.8,0.8,0.06,0.2,0.2,2020/2021
Dennis Praet,BEL,MFFW,Leicester City,26,1994,7.3,1,8,2,25,1.1,0.28,0.13,0.5,16.1,0,0,0,0.5,0.5,0.07,0.5,0.5,2020/2021
Davy Pröpper,NED,MF,Brighton,29,1991,1.2,0,3,1,33.3,2.41,0.8,0,0,14.8,0,0,0,0.1,0.1,0.03,-0.1,-0.1,2020/2021
Christian Pulisic,USA,FWMF,Chelsea,22,1998,7.7,1,18,5,27.8,2.33,0.65,0.06,0.2,15.4,0,0,0,2.2,2.2,0.12,-1.2,-1.2,2020/2021
Marcus Rashford,ENG,FW,Manchester Utd,23,1997,15.1,7,43,20,46.5,2.84,1.32,0.16,0.35,17.2,1,0,0,6.2,6.2,0.14,0.8,0.8,2020/2021
Nathan Redmond,ENG,MF,Southampton,26,1994,4.5,1,11,3,27.3,2.46,0.67,0.09,0.33,16,0,0,0,1.1,1.1,0.1,-0.1,-0.1,2020/2021
Harrison Reed,ENG,MF,Fulham,25,1995,7.9,0,4,1,25,0.5,0.13,0,0,28.4,0,0,0,0.1,0.1,0.01,-0.1,-0.1,2020/2021
Sergio Reguilón,ESP,DF,Tottenham,24,1996,9.8,0,10,3,30,1.02,0.31,0,0,21.6,0,0,0,0.4,0.4,0.04,-0.4,-0.4,2020/2021
Bobby Reid,JAM,DFFW,Fulham,27,1993,10.3,4,14,6,42.9,1.35,0.58,0.29,0.67,17.1,0,0,0,2.5,2.5,0.18,1.5,1.5,2020/2021
Declan Rice,ENG,MF,West Ham,21,1999,17,0,9,1,11.1,0.53,0.06,0,0,19.1,0,0,0,0.6,0.6,0.06,-0.6,-0.6,2020/2021
Richarlison,BRA,FW,Everton,23,1997,11.1,2,31,13,41.9,2.8,1.18,0.03,0.08,15.5,0,1,1,4.1,3.3,0.11,-2.1,-2.3,2020/2021
Jaïro Riedewald,NED,MF,Crystal Palace,24,1996,6.7,1,3,1,33.3,0.45,0.15,0.33,1,15,0,0,0,0.5,0.5,0.17,0.5,0.5,2020/2021
Matt Ritchie,SCO,DFMF,Newcastle Utd,31,1989,5.7,0,4,1,25,0.7,0.18,0,0,23.9,0,0,0,0.2,0.2,0.05,-0.2,-0.2,2020/2021
Tyler Roberts,WAL,MFFW,Leeds United,21,1999,2.7,0,2,1,50,0.74,0.37,0,0,22.8,0,0,0,0.1,0.1,0.06,-0.1,-0.1,2020/2021
Andrew Robertson,SCO,DF,Liverpool,26,1994,17,1,7,2,28.6,0.41,0.12,0.14,0.5,15,0,0,0,0.8,0.8,0.12,0.2,0.2,2020/2021
Antonee Robinson,USA,DF,Fulham,23,1997,12,0,3,2,66.7,0.25,0.17,0,0,14.4,0,0,0,0.3,0.3,0.09,-0.3,-0.3,2020/2021
Callum Robinson,IRL,FWMF,West Brom,25,1995,9.4,2,13,4,30.8,1.38,0.43,0.15,0.5,25.5,0,0,0,0.6,0.6,0.05,1.4,1.4,2020/2021
Hal Robson-Kanu,WAL,FWMF,West Brom,31,1989,1.6,0,4,2,50,2.54,1.27,0,0,24.7,0,0,0,0.1,0.1,0.03,-0.1,-0.1,2020/2021
Rodri,ESP,MF,Manchester City,24,1996,14.1,0,16,4,25,1.13,0.28,0,0,21.8,0,0,0,0.6,0.6,0.04,-0.6,-0.6,2020/2021
Rodrigo,ESP,MF,Leeds United,29,1991,9.1,3,32,11,34.4,3.53,1.21,0.09,0.27,14.9,1,0,0,3.5,3.5,0.11,-0.5,-0.5,2020/2021
James Rodríguez,COL,FWMF,Everton,29,1991,9.6,3,22,11,50,2.28,1.14,0.14,0.27,20.1,2,0,0,2.2,2.2,0.1,0.8,0.8,2020/2021
Jay Rodriguez,ENG,FWMF,Burnley,31,1989,6.2,0,9,1,11.1,1.45,0.16,0,0,17.1,0,0,0,0.6,0.6,0.06,-0.6,-0.6,2020/2021
Oriol Romeu,ESP,MF,Southampton,29,1991,14.5,1,12,4,33.3,0.83,0.28,0.08,0.25,24.3,0,0,0,0.3,0.3,0.03,0.7,0.7,2020/2021
Antonio Rüdiger,GER,DF,Chelsea,27,1993,2,0,2,1,50,1,0.5,0,0,9.5,0,0,0,0.1,0.1,0.04,-0.1,-0.1,2020/2021
Allan Saint-Maximin,FRA,FWMF,Newcastle Utd,23,1997,6.5,1,7,4,57.1,1.08,0.62,0.14,0.25,20.1,0,0,0,0.8,0.8,0.11,0.2,0.2,2020/2021
Romain Saïss,MAR,DF,Wolves,30,1990,11.7,3,15,7,46.7,1.28,0.6,0.2,0.43,12.3,1,0,0,1.3,1.3,0.09,1.7,1.7,2020/2021
Bukayo Saka,ENG,FWDF,Arsenal,19,2001,13.7,3,34,12,35.3,2.49,0.88,0.09,0.25,15.2,1,0,0,3.8,3.8,0.11,-0.8,-0.8,2020/2021
Mohamed Salah,EGY,FW,Liverpool,28,1992,15,13,48,21,43.8,3.2,1.4,0.17,0.38,16.9,1,5,5,9.4,5.6,0.12,3.6,2.4,2020/2021
Jeffrey Schlupp,GHA,MF,Crystal Palace,28,1992,10.8,2,13,6,46.2,1.2,0.55,0.15,0.33,12,0,0,0,1.3,1.3,0.1,0.7,0.7,2020/2021
Nélson Semedo,POR,DF,Wolves,27,1993,13.7,0,10,3,30,0.73,0.22,0,0,23.8,0,0,0,0.6,0.6,0.06,-0.6,-0.6,2020/2021
Luke Shaw,ENG,DF,Manchester Utd,25,1995,10.9,0,1,1,100,0.09,0.09,0,0,20,0,0,0,0,0,0.02,0,0,2020/2021
Jonjo Shelvey,ENG,MF,Newcastle Utd,28,1992,8.1,0,13,3,23.1,1.61,0.37,0,0,22.6,4,0,0,0.8,0.8,0.06,-0.8,-0.8,2020/2021
Gylfi Sigurðsson,ISL,MF,Everton,31,1989,9.2,2,14,3,21.4,1.53,0.33,0.07,0.33,20.9,2,1,1,2,1.2,0.09,0,-0.2,2020/2021
Bernardo Silva,POR,FWMF,Manchester City,26,1994,7.2,0,8,3,37.5,1.12,0.42,0,0,13.1,0,0,0,0.7,0.7,0.09,-0.7,-0.7,2020/2021
Fábio Silva,POR,FW,Wolves,18,2002,5.9,1,15,3,20,2.56,0.51,0,0,12.7,0,1,1,1.9,1.2,0.08,-0.9,-1.2,2020/2021
Thiago Silva,BRA,DF,Chelsea,36,1984,11.8,2,6,3,50,0.51,0.25,0.33,0.67,7.3,0,0,0,0.7,0.7,0.11,1.3,1.3,2020/2021
Tomáš Souček,CZE,MF,West Ham,25,1995,17,5,30,12,40,1.76,0.71,0.17,0.42,11.3,0,0,0,4.6,4.6,0.15,0.4,0.4,2020/2021
Jack Stephens,ENG,DF,Southampton,26,1994,6.5,0,2,1,50,0.31,0.15,0,0,7.5,0,0,0,0.1,0.1,0.07,-0.1,-0.1,2020/2021
Raheem Sterling,ENG,FW,Manchester City,26,1994,13.1,4,28,13,46.4,2.14,0.99,0.14,0.31,13.7,1,0,0,4,4,0.14,0,0,2020/2021
Enda Stevens,IRL,DF,Sheffield Utd,30,1990,14,0,8,2,25,0.57,0.14,0,0,20.5,0,0,0,0.3,0.3,0.04,-0.3,-0.3,2020/2021
James Tarkowski,ENG,DF,Burnley,28,1992,13,0,9,3,33.3,0.69,0.23,0,0,9.8,0,0,0,0.6,0.6,0.06,-0.6,-0.6,2020/2021
Charlie Taylor,ENG,DF,Burnley,27,1993,14.1,0,2,1,50,0.14,0.07,0,0,20.2,0,0,0,0.1,0.1,0.03,-0.1,-0.1,2020/2021
Alex Telles,BRA,DF,Manchester Utd,28,1992,4.8,0,3,1,33.3,0.63,0.21,0,0,19.2,0,0,0,0.1,0.1,0.04,-0.1,-0.1,2020/2021
Youri Tielemans,BEL,MF,Leicester City,23,1997,16.4,4,21,8,38.1,1.28,0.49,0.1,0.25,23.7,2,2,2,3,1.5,0.07,1,0.5,2020/2021
Kieran Tierney,SCO,DF,Arsenal,23,1997,15.9,1,7,2,28.6,0.44,0.13,0.14,0.5,22.7,0,0,0,0.2,0.2,0.04,0.8,0.8,2020/2021
Ferrán Torres,ESP,FW,Manchester City,20,2000,6.3,2,17,7,41.2,2.69,1.11,0.12,0.29,15.5,0,0,0,2.4,2.4,0.14,-0.4,-0.4,2020/2021
Andros Townsend,ENG,MF,Crystal Palace,29,1991,12.4,1,15,6,40,1.21,0.49,0.07,0.17,22.1,0,0,0,0.7,0.7,0.05,0.3,0.3,2020/2021
Conor Townsend,ENG,DF,West Brom,27,1993,7.8,0,3,2,66.7,0.38,0.26,0,0,10.3,0,0,0,0.3,0.3,0.1,-0.3,-0.3,2020/2021
Adama Traoré,ESP,FWDF,Wolves,24,1996,11.5,0,10,3,30,0.87,0.26,0,0,20.5,0,0,0,0.5,0.5,0.05,-0.5,-0.5,2020/2021
Bertrand Traoré,BFA,FWMF,Aston Villa,25,1995,6.8,3,19,8,42.1,2.8,1.18,0.16,0.38,15.4,1,0,0,2,2,0.1,1,1,2020/2021
Trézéguet,EGY,FW,Aston Villa,26,1994,8,0,22,6,27.3,2.77,0.75,0,0,13.3,0,0,0,2.5,2.5,0.12,-2.5,-2.5,2020/2021
Leandro Trossard,BEL,FWMF,Brighton,26,1994,11.4,1,25,7,28,2.19,0.61,0.04,0.14,18.4,0,0,0,2.1,2.1,0.08,-1.1,-1.1,2020/2021
Cengiz Ünder,TUR,MFFW,Leicester City,23,1997,2.3,0,6,2,33.3,2.61,0.87,0,0,24.3,0,0,0,0.2,0.2,0.03,-0.2,-0.2,2020/2021
Jamie Vardy,ENG,FW,Leicester City,34,1987,14.5,11,31,13,41.9,2.14,0.9,0.16,0.38,13.7,0,6,7,11.2,5.9,0.19,-0.2,-0.9,2020/2021
Jannik Vestergaard,DEN,DF,Southampton,28,1992,12.5,3,9,5,55.6,0.72,0.4,0.33,0.6,11.8,0,0,0,0.6,0.6,0.06,2.4,2.4,2020/2021
Carlos Vinícius,BRA,FW,Tottenham,25,1995,0.2,0,2,1,50,11.25,5.63,0,0,15.2,0,0,0,0.1,0.1,0.06,-0.1,-0.1,2020/2021
Vitinha,POR,MF,Wolves,20,2000,1.9,0,2,1,50,1.03,0.51,0,0,16.4,0,0,0,0.1,0.1,0.05,-0.1,-0.1,2020/2021
Matěj Vydra,CZE,FW,Burnley,28,1992,1.9,0,5,1,20,2.57,0.51,0,0,18,0,0,0,0.4,0.4,0.09,-0.4,-0.4,2020/2021
Theo Walcott,ENG,MFFW,Southampton,31,1989,11.2,2,21,8,38.1,1.88,0.71,0.1,0.25,20.4,0,0,0,2.1,2.1,0.1,-0.1,-0.1,2020/2021
Kyle Walker,ENG,DF,Manchester City,30,1990,11,1,8,3,37.5,0.73,0.27,0.13,0.33,28.7,0,0,0,0.2,0.2,0.03,0.8,0.8,2020/2021
Kyle Walker-Peters,ENG,DF,Southampton,23,1997,17,0,8,3,37.5,0.47,0.18,0,0,20.5,0,0,0,0.2,0.2,0.03,-0.2,-0.2,2020/2021
Aaron Wan-Bissaka,ENG,DF,Manchester Utd,23,1997,14,1,3,2,66.7,0.21,0.14,0.33,0.5,17.2,0,0,0,0.3,0.3,0.1,0.7,0.7,2020/2021
James Ward-Prowse,ENG,MF,Southampton,26,1994,17,4,16,8,50,0.94,0.47,0.25,0.5,23.2,9,0,0,0.9,0.9,0.06,3.1,3.1,2020/2021
Ollie Watkins,ENG,FW,Aston Villa,25,1995,15,6,43,16,37.2,2.87,1.07,0.12,0.31,11.8,0,1,2,8.9,7.5,0.17,-2.9,-2.5,2020/2021
Adam Webster,ENG,DF,Brighton,26,1995,16,0,16,4,25,1,0.25,0,0,13.9,0,0,0,0.8,0.8,0.05,-0.8,-0.8,2020/2021
Danny Welbeck,ENG,FW,Brighton,30,1990,6.9,2,14,6,42.9,2.03,0.87,0.14,0.33,12.6,0,0,0,2.5,2.5,0.18,-0.5,-0.5,2020/2021
Timo Werner,GER,FW,Chelsea,24,1996,15.1,4,40,16,40,2.65,1.06,0.1,0.25,13.6,0,0,0,6.6,6.6,0.16,-2.6,-2.6,2020/2021
Ashley Westwood,ENG,MF,Burnley,30,1990,15,1,6,3,50,0.4,0.2,0.17,0.33,20.6,0,0,0,0.3,0.3,0.04,0.7,0.7,2020/2021
Georginio Wijnaldum,NED,MF,Liverpool,30,1990,15,1,14,4,28.6,0.93,0.27,0.07,0.25,15.2,1,0,0,2,2,0.14,-1,-1,2020/2021
Willian,BRA,FWMF,Arsenal,32,1988,10,0,11,2,18.2,1.1,0.2,0,0,16.4,2,0,0,1.2,1.2,0.11,-1.2,-1.2,2020/2021
Callum Wilson,ENG,FW,Newcastle Utd,28,1992,13.7,8,21,7,33.3,1.53,0.51,0.19,0.57,12.6,0,4,4,7.3,4.3,0.2,0.7,-0.3,2020/2021
Chris Wood,NZL,FW,Burnley,29,1991,14.3,3,27,16,59.3,1.89,1.12,0.11,0.19,10.1,0,0,0,5.9,5.9,0.22,-2.9,-2.9,2020/2021
Granit Xhaka,SUI,MF,Arsenal,28,1992,11.1,1,10,2,20,0.9,0.18,0.1,0.5,23.5,5,0,0,0.6,0.6,0.06,0.4,0.4,2020/2021
Andriy Yarmolenko,UKR,FWMF,West Ham,31,1989,2.7,0,4,1,25,1.46,0.36,0,0,22.3,0,0,0,0.2,0.2,0.05,-0.2,-0.2,2020/2021
Wilfried Zaha,CIV,FW,Crystal Palace,28,1992,14.9,8,34,11,32.4,2.28,0.74,0.18,0.55,15.3,0,2,2,5.4,3.8,0.11,2.6,2.2,2020/2021
Andre-Frank Zambo Anguissa,CMR,MF,Fulham,25,1995,13.3,0,15,1,6.7,1.13,0.08,0,0,21.2,0,0,0,1,1,0.06,-1,-1,2020/2021
Oleksandr Zinchenko,UKR,DF,Manchester City,24,1996,1.1,0,1,1,100,0.87,0.87,0,0,20,0,0,0,0.2,0.2,0.16,-0.2,-0.2,2020/2021
Hakim Ziyech,MAR,FW,Chelsea,27,1993,5,1,10,3,30,2,0.6,0.1,0.33,22,0,0,0,0.5,0.5,0.05,0.5,0.5,2020/2021
Kurt Zouma,FRA,DF,Chelsea,26,1994,15,4,14,7,50,0.93,0.47,0.29,0.57,10.9,0,0,0,0.9,0.9,0.07,3.1,3.1,2020/2021
