Rk,Player,PlayerID,Nation,Pos,Squad,Age,Born,MP,Starts,Min,Gls,Ast,PK,PKatt,CrdY,CrdR,Gls.1,Ast.1,G+A,G-PK,G+A-PK,xG,npxG,xA,xG.1,xA.1,xG+xA,npxG.1,npxG+xA,Season
1,Patrick van Aanholt,Patrick-van-Aanholt,NED,DF,Crystal Palace,28,1990,29,29,2507,3,2,1,1,0,0,0.11,0.07,0.18,0.07,0.14,2.4,1.6,3.2,0.08,0.11,0.2,0.06,0.17,2019/2020
2,Max Aarons,Max-Aarons,ENG,DF,Norwich City,19,2000,36,36,3240,0,1,0,0,7,0,0,0.03,0.03,0,0.03,0.5,0.5,3.4,0.01,0.09,0.11,0.01,0.11,2019/2020
3,Tammy Abraham,Tammy-Abraham,ENG,FW,Chelsea,21,1997,34,25,2215,15,3,0,0,2,0,0.61,0.12,0.73,0.61,0.73,14.1,14.1,2.5,0.57,0.1,0.67,0.57,0.67,2019/2020
4,Che Adams,Che-Adams,ENG,FW,Southampton,23,1996,30,12,1111,4,2,0,0,0,0,0.32,0.16,0.49,0.32,0.49,4,4,1.2,0.32,0.1,0.42,0.32,0.42,2019/2020
5,Adrián,Adrian,ESP,GK,Liverpool,32,1987,11,9,875,0,0,0,0,1,0,0,0,0,0,0,0,0,0,0,0,0,0,0,2019/2020
6,Sergio Agüero,Sergio-Aguero,ARG,FW,Manchester City,31,1988,24,18,1452,16,3,2,3,1,0,0.99,0.19,1.18,0.87,1.05,14,11.8,2.4,0.87,0.15,1.02,0.73,0.88,2019/2020
7,Albian Ajeti,Albian-Ajeti,SUI,MFFW,West Ham,22,1997,9,0,139,0,0,0,0,0,0,0,0,0,0,0,0.1,0.1,0.1,0.07,0.03,0.11,0.07,0.11,2019/2020
8,Nathan Aké,Nathan-Ake,NED,DF,Bournemouth,24,1995,29,29,2503,2,2,0,0,2,0,0.07,0.07,0.14,0.07,0.14,2.4,2.4,0.6,0.09,0.02,0.11,0.09,0.11,2019/2020
9,Marc Albrighton,Marc-Albrighton,ENG,MFDF,Leicester City,29,1989,20,9,867,0,3,0,0,2,0,0,0.31,0.31,0,0.31,0.6,0.6,2,0.06,0.2,0.27,0.06,0.27,2019/2020
10,Toby Alderweireld,Toby-Alderweireld,BEL,DF,Tottenham,30,1989,33,33,2957,2,2,0,0,7,0,0.06,0.06,0.12,0.06,0.12,1.1,1.1,1.1,0.03,0.03,0.07,0.03,0.07,2019/2020
11,Trent Alexander-Arnold,Trent-Alexander-Arnold,ENG,DF,Liverpool,20,1998,38,35,3175,4,13,0,0,5,0,0.11,0.37,0.48,0.11,0.48,2.8,2.8,9.9,0.08,0.28,0.36,0.08,0.36,2019/2020
12,Alisson,Alisson,BRA,GK,Liverpool,26,1992,29,29,2543,0,1,0,0,0,1,0,0.04,0.04,0,0.04,0,0,0.5,0,0.02,0.02,0,0.02,2019/2020
13,Dele Alli,Dele-Alli,ENG,MFFW,Tottenham,23,1996,25,21,1847,8,4,1,1,2,0,0.39,0.19,0.58,0.34,0.54,7.1,6.3,2,0.35,0.1,0.44,0.31,0.4,2019/2020
14,Miguel Almirón,Miguel-Almiron,PAR,MFFW,Newcastle Utd,25,1994,36,35,3021,4,2,0,0,5,0,0.12,0.06,0.18,0.12,0.18,6.3,6.3,1.6,0.19,0.05,0.24,0.19,0.24,2019/2020
15,Marcos Alonso,Marcos-Alonso,ESP,DF,Chelsea,28,1990,18,15,1430,4,2,0,0,4,0,0.25,0.13,0.38,0.25,0.38,2,2,2.2,0.13,0.14,0.26,0.13,0.26,2019/2020
16,Steven Alzate,Steven-Alzate,COL,MFDF,Brighton,20,1998,19,12,1188,0,0,0,0,1,0,0,0,0,0,0,1.2,1.2,0.7,0.09,0.05,0.14,0.09,0.14,2019/2020
17,Ibrahim Amadou,Ibrahim-Amadou,FRA,DFMF,Norwich City,26,1993,11,8,759,0,0,0,0,1,0,0,0,0,0,0,1,1,0,0.11,0,0.12,0.11,0.12,2019/2020
18,Felipe Anderson,Felipe-Anderson,BRA,MFFW,West Ham,26,1993,25,20,1497,1,4,0,0,1,0,0.06,0.24,0.3,0.06,0.3,2.5,2.5,3.1,0.15,0.19,0.33,0.15,0.33,2019/2020
19,Florin Andone,Florin-Andone,ROU,MFFW,Brighton,26,1993,3,1,73,1,0,0,0,0,1,1.23,0,1.23,1.23,1.23,0.1,0.1,0,0.18,0.06,0.24,0.18,0.24,2019/2020
20,Angeliño,Angelino,ESP,DF,Manchester City,22,1997,6,4,423,0,0,0,0,1,0,0,0,0,0,0,0.2,0.2,1.2,0.04,0.26,0.31,0.04,0.31,2019/2020
21,Faustino Anjorin,Faustino-Anjorin,ENG,FW,Chelsea,17,2001,1,0,20,0,0,0,0,0,0,0,0,0,0,0,0,0,0,0.05,0,0.05,0.05,0.05,2019/2020
22,Michail Antonio,Michail-Antonio,ENG,FW,West Ham,29,1990,24,19,1768,10,3,1,1,3,0,0.51,0.15,0.66,0.46,0.61,11.7,10.9,2.7,0.59,0.14,0.73,0.56,0.69,2019/2020
23,Stuart Armstrong,Stuart-Armstrong,SCO,MF,Southampton,27,1992,30,19,1715,5,3,0,0,4,0,0.26,0.16,0.42,0.26,0.42,2.9,2.9,1.1,0.15,0.06,0.21,0.15,0.21,2019/2020
24,Kepa Arrizabalaga,Kepa-Arrizabalaga,ESP,GK,Chelsea,24,1994,33,33,2970,0,0,0,0,0,0,0,0,0,0,0,0,0,0,0,0,0,0,0,2019/2020
25,Christian Atsu,Christian-Atsu,GHA,FWMF,Newcastle Utd,27,1992,19,6,749,0,3,0,0,2,0,0,0.36,0.36,0,0.36,0.2,0.2,0.9,0.02,0.11,0.14,0.02,0.14,2019/2020
26,Pierre-Emerick Aubameyang,Pierre-Emerick-Aubameyang,GAB,FW,Arsenal,30,1989,36,35,3136,22,3,2,2,3,1,0.63,0.09,0.72,0.57,0.66,15.8,14.3,2.9,0.45,0.08,0.54,0.41,0.49,2019/2020
27,Serge Aurier,Serge-Aurier,CIV,DF,Tottenham,26,1992,33,31,2700,1,5,0,0,4,1,0.03,0.17,0.2,0.03,0.2,0.6,0.6,2.8,0.02,0.09,0.11,0.02,0.11,2019/2020
28,Jordan Ayew,Jordan-Ayew,GHA,FWMF,Crystal Palace,27,1991,37,37,3148,9,2,0,0,6,0,0.26,0.06,0.31,0.26,0.31,6.5,6.5,1.9,0.18,0.06,0.24,0.18,0.24,2019/2020
29,César Azpilicueta,Cesar-Azpilicueta,ESP,DF,Chelsea,29,1989,36,36,3229,2,6,0,0,1,0,0.06,0.17,0.22,0.06,0.22,2.7,2.7,5.8,0.07,0.16,0.24,0.07,0.24,2019/2020
30,Eric Bailly,Eric-Bailly,CIV,DF,Manchester Utd,25,1994,4,1,150,0,0,0,0,0,0,0,0,0,0,0,0,0,0,0,0,0,0,0,2019/2020
31,Leighton Baines,Leighton-Baines,ENG,DF,Everton,34,1984,8,4,404,0,0,0,0,0,0,0,0,0,0,0,0,0,0.7,0.01,0.16,0.17,0.01,0.17,2019/2020
32,Fabián Balbuena,Fabian-Balbuena,PAR,DF,West Ham,27,1991,17,13,1177,1,0,0,0,2,0,0.08,0,0.08,0.08,0.08,1.7,1.7,0,0.13,0,0.13,0.13,0.13,2019/2020
33,George Baldock,George-Baldock,ENG,DF,Sheffield Utd,26,1993,38,38,3420,2,3,0,0,7,0,0.05,0.08,0.13,0.05,0.13,0.9,0.9,2.5,0.02,0.07,0.09,0.02,0.09,2019/2020
34,Phil Bardsley,Phil-Bardsley,SCO,DF,Burnley,34,1985,21,21,1890,0,1,0,0,6,0,0,0.05,0.05,0,0.05,0.2,0.2,0.7,0.01,0.03,0.05,0.01,0.05,2019/2020
35,Ross Barkley,Ross-Barkley,ENG,MF,Chelsea,25,1993,21,13,1103,1,4,0,0,0,0,0.08,0.33,0.41,0.08,0.41,2.2,2.2,2.8,0.18,0.23,0.4,0.18,0.4,2019/2020
36,Ashley Barnes,Ashley-Barnes,ENG,FW,Burnley,29,1989,19,17,1352,6,0,1,1,4,0,0.4,0,0.4,0.33,0.33,5.6,4.8,0.5,0.37,0.03,0.4,0.32,0.35,2019/2020
37,Harvey Barnes,Harvey-Barnes,ENG,MFFW,Leicester City,21,1997,36,24,2083,6,8,0,0,0,0,0.26,0.35,0.6,0.26,0.6,8.7,8.7,3.5,0.38,0.15,0.53,0.38,0.53,2019/2020
38,Chris Basham,Chris-Basham,ENG,DF,Sheffield Utd,31,1988,38,38,3242,0,1,0,0,4,0,0,0.03,0.03,0,0.03,0.5,0.5,1,0.01,0.03,0.04,0.01,0.04,2019/2020
39,Borja Bastón,Borja-Baston,ESP,MFFW,Aston Villa,26,1992,2,0,18,0,0,0,0,0,0,0,0,0,0,0,0,0,0,0,0,0,0,0,2019/2020
40,Michy Batshuayi,Michy-Batshuayi,BEL,FW,Chelsea,25,1993,16,1,239,1,1,0,0,0,0,0.38,0.38,0.75,0.38,0.75,2.2,2.2,0.2,0.84,0.07,0.91,0.84,0.91,2019/2020
41,Jan Bednarek,Jan-Bednarek,POL,DF,Southampton,23,1996,34,34,3057,1,1,0,0,4,0,0.03,0.03,0.06,0.03,0.06,0.8,0.8,0.1,0.02,0,0.03,0.02,0.03,2019/2020
42,Héctor Bellerín,Hector-Bellerin,ESP,DF,Arsenal,24,1995,15,13,1158,1,0,0,0,2,0,0.08,0,0.08,0.08,0.08,0.5,0.5,0.3,0.04,0.02,0.06,0.04,0.06,2019/2020
43,Ryan Bennett,Ryan-Bennett,ENG,DF,Wolves,29,1990,11,7,606,0,0,0,0,2,0,0,0,0,0,0,0,0,0.1,0,0.01,0.01,0,0.01,2019/2020
44,Ryan Bennett,Ryan-Bennett,ENG,DF,Leicester City,29,1990,5,3,331,0,0,0,0,0,0,0,0,0,0,0,0,0,0,0,0,0,0,0,2019/2020
45,Nabil Bentaleb,Nabil-Bentaleb,ALG,MF,Newcastle Utd,24,1994,12,8,751,0,0,0,0,2,0,0,0,0,0,0,0.1,0.1,0.2,0.01,0.03,0.04,0.01,0.04,2019/2020
46,Christian Benteke,Christian-Benteke,BEL,FW,Crystal Palace,28,1990,24,13,1261,2,1,0,0,4,1,0.14,0.07,0.21,0.14,0.21,5.1,5.1,2.1,0.36,0.15,0.51,0.36,0.51,2019/2020
47,Jóhann Berg Guðmundsson,Johann-Berg-Gudmundsson,ISL,MF,Burnley,28,1990,12,6,621,1,1,0,0,0,0,0.14,0.14,0.29,0.14,0.29,1.1,1.1,0.8,0.16,0.12,0.28,0.16,0.28,2019/2020
48,Sander Berge,Sander-Berge,NOR,MF,Sheffield Utd,21,1998,14,12,943,1,1,0,0,0,0,0.1,0.1,0.19,0.1,0.19,0.5,0.5,0.4,0.04,0.04,0.09,0.04,0.09,2019/2020
49,Steven Bergwijn,Steven-Bergwijn,NED,FWMF,Tottenham,21,1997,14,8,704,3,1,0,0,2,0,0.38,0.13,0.51,0.38,0.51,1.2,1.2,1,0.15,0.13,0.28,0.15,0.28,2019/2020
50,Bernard,Bernard,BRA,MFFW,Everton,26,1992,27,15,1280,3,2,0,0,2,0,0.21,0.14,0.35,0.21,0.35,1.1,1.1,1.9,0.08,0.13,0.21,0.08,0.21,2019/2020
51,Bernardo,Bernardo,BRA,DF,Brighton,24,1995,14,7,679,0,0,0,0,1,0,0,0,0,0,0,0.2,0.2,0.2,0.03,0.02,0.06,0.03,0.06,2019/2020
52,Ryan Bertrand,Ryan-Bertrand,ENG,DF,Southampton,29,1989,32,31,2742,1,1,0,0,3,1,0.03,0.03,0.07,0.03,0.07,1.7,1.7,3.6,0.06,0.12,0.17,0.06,0.17,2019/2020
53,Muhamed Bešić,Muhamed-Besic,BIH,MF,Sheffield Utd,26,1992,9,2,250,0,0,0,0,2,0,0,0,0,0,0,0.1,0.1,0.1,0.05,0.03,0.08,0.05,0.08,2019/2020
54,Philip Billing,Philip-Billing,DEN,MF,Bournemouth,23,1996,34,29,2530,1,1,0,0,8,0,0.04,0.04,0.07,0.04,0.07,2.5,2.5,1,0.09,0.04,0.13,0.09,0.13,2019/2020
55,Yves Bissouma,Yves-Bissouma,MLI,MF,Brighton,22,1996,22,15,1259,1,0,0,0,4,0,0.07,0,0.07,0.07,0.07,0.4,0.4,0.1,0.03,0.01,0.04,0.03,0.04,2019/2020
56,Willy Boly,Willy-Boly,CIV,DF,Wolves,28,1991,22,22,1979,0,1,0,0,3,1,0,0.05,0.05,0,0.05,0.3,0.3,0.3,0.01,0.02,0.03,0.01,0.03,2019/2020
57,Gaëtan Bong,Gaetan-Bong,CMR,MFDF,Brighton,31,1988,4,0,59,0,0,0,0,0,0,0,0,0,0,0,0,0,0.1,0,0.23,0.23,0,0.23,2019/2020
58,Sofiane Boufal,Sofiane-Boufal,MAR,MFFW,Southampton,25,1993,20,8,764,0,2,0,0,2,0,0,0.24,0.24,0,0.24,1,1,2.7,0.11,0.32,0.43,0.11,0.43,2019/2020
59,Jarrod Bowen,Jarrod-Bowen,ENG,FW,West Ham,22,1996,13,11,917,1,4,0,0,0,0,0.1,0.39,0.49,0.1,0.49,1.7,1.7,2.2,0.17,0.22,0.38,0.17,0.38,2019/2020
60,Robbie Brady,Robbie-Brady,IRL,MF,Burnley,27,1992,17,5,454,1,2,0,0,1,0,0.2,0.4,0.59,0.2,0.59,1.2,1.2,0.3,0.23,0.06,0.29,0.23,0.29,2019/2020
61,Jarrad Branthwaite,Jarrad-Branthwaite,ENG,DF,Everton,17,2002,4,2,300,0,0,0,0,0,0,0,0,0,0,0,0,0,0,0,0,0,0,0,2019/2020
62,Claudio Bravo,Claudio-Bravo,CHI,GK,Manchester City,36,1983,4,3,347,0,0,0,0,0,0,0,0,0,0,0,0,0,0,0,0,0,0,0,2019/2020
63,Armando Broja,Armando-Broja,ALB,FW,Chelsea,17,2001,1,0,5,0,0,0,0,0,0,0,0,0,0,0,0,0,0,0,0,0,0,0,2019/2020
64,David Brooks,David-Brooks,WAL,MF,Bournemouth,22,1997,9,8,506,1,0,0,0,1,0,0.18,0,0.18,0.18,0.18,0.8,0.8,0.4,0.14,0.07,0.21,0.14,0.21,2019/2020
65,Josh Brownhill,Josh-Brownhill,ENG,MF,Burnley,23,1995,10,9,805,0,0,0,0,2,0,0,0,0,0,0,0.4,0.4,0.2,0.04,0.02,0.06,0.04,0.06,2019/2020
66,Emi Buendía,Emi-Buendia,ARG,FWMF,Norwich City,22,1996,36,28,2464,1,7,0,0,6,1,0.04,0.26,0.29,0.04,0.29,2.2,2.2,7.2,0.08,0.26,0.34,0.08,0.34,2019/2020
67,Dan Burn,Dan-Burn,ENG,DF,Brighton,27,1992,34,33,2880,0,0,0,0,5,0,0,0,0,0,0,1.2,1.2,1.2,0.04,0.04,0.08,0.04,0.08,2019/2020
68,Sam Byram,Sam-Byram,ENG,DF,Norwich City,25,1993,17,15,1293,0,0,0,0,4,0,0,0,0,0,0,1.2,1.2,0.5,0.08,0.04,0.12,0.08,0.12,2019/2020
69,Willy Caballero,Willy-Caballero,ARG,GK,Chelsea,37,1981,5,5,450,0,0,0,0,0,0,0,0,0,0,0,0,0,0,0,0,0,0,0,2019/2020
70,Gary Cahill,Gary-Cahill,ENG,DF,Crystal Palace,33,1985,25,25,2167,0,1,0,0,1,0,0,0.04,0.04,0,0.04,1.3,1.3,0.3,0.05,0.01,0.07,0.05,0.07,2019/2020
71,Dominic Calvert-Lewin,Dominic-Calvert-Lewin,ENG,FW,Everton,22,1997,36,30,2626,13,1,0,0,9,0,0.45,0.03,0.48,0.45,0.48,14.3,14.3,1,0.49,0.03,0.52,0.49,0.52,2019/2020
72,Víctor Camarasa,Victor-Camarasa,ESP,MF,Crystal Palace,25,1994,1,0,6,0,0,0,0,0,0,0,0,0,0,0,0,0,0,0,0,0,0,0,2019/2020
73,João Cancelo,Joao-Cancelo,POR,DF,Manchester City,25,1994,17,13,1208,0,0,0,0,4,0,0,0,0,0,0,0.5,0.5,1.7,0.04,0.13,0.17,0.04,0.17,2019/2020
74,Todd Cantwell,Todd-Cantwell,ENG,FWMF,Norwich City,21,1998,37,30,2489,6,2,0,0,6,0,0.22,0.07,0.29,0.22,0.29,5.8,5.8,2.8,0.21,0.1,0.31,0.21,0.31,2019/2020
75,Étienne Capoue,Etienne-Capoue,FRA,MF,Watford,31,1988,30,30,2627,0,3,0,0,8,0,0,0.1,0.1,0,0.1,0.8,0.8,3.1,0.03,0.11,0.13,0.03,0.13,2019/2020
76,Andy Carroll,Andy-Carroll,ENG,FW,Newcastle Utd,30,1989,19,4,632,0,4,0,0,1,0,0,0.57,0.57,0,0.57,0.9,0.9,1.6,0.13,0.23,0.36,0.13,0.36,2019/2020
77,Jonny Castro,Jonny-Castro,ESP,DF,Wolves,25,1994,35,33,2887,2,2,0,0,4,0,0.06,0.06,0.12,0.06,0.12,1.3,1.3,0.9,0.04,0.03,0.07,0.04,0.07,2019/2020
78,Craig Cathcart,Craig-Cathcart,NIR,DF,Watford,30,1989,29,28,2488,0,0,0,0,7,0,0,0,0,0,0,0.3,0.3,0,0.01,0,0.01,0.01,0.01,2019/2020
79,Dani Ceballos,Dani-Ceballos,ESP,MF,Arsenal,22,1996,24,18,1692,0,2,0,0,1,0,0,0.11,0.11,0,0.11,0.5,0.5,1.9,0.03,0.1,0.13,0.03,0.13,2019/2020
80,Nathaniel Chalobah,Nathaniel-Chalobah,ENG,MF,Watford,24,1994,22,10,930,0,1,0,0,1,0,0,0.1,0.1,0,0.1,0.4,0.4,1.1,0.04,0.11,0.15,0.04,0.15,2019/2020
81,Calum Chambers,Calum-Chambers,ENG,DF,Arsenal,24,1995,14,13,1102,1,1,0,0,5,0,0.08,0.08,0.16,0.08,0.16,0.7,0.7,0.7,0.06,0.06,0.11,0.06,0.11,2019/2020
82,Ben Chilwell,Ben-Chilwell,ENG,DF,Leicester City,22,1996,27,27,2373,3,3,0,0,3,0,0.11,0.11,0.23,0.11,0.23,1,1,3.6,0.04,0.14,0.17,0.04,0.17,2019/2020
83,Tahith Chong,Tahith-Chong,NED,FWMF,Manchester Utd,19,1999,3,0,37,0,0,0,0,0,0,0,0,0,0,0,0.1,0.1,0,0.15,0,0.15,0.15,0.15,2019/2020
84,Hamza Choudhury,Hamza-Choudhury,ENG,MF,Leicester City,21,1997,20,10,893,1,1,0,0,4,1,0.1,0.1,0.2,0.1,0.2,0.5,0.5,0.1,0.05,0.01,0.06,0.05,0.06,2019/2020
85,Andreas Christensen,Andreas-Christensen,DEN,DF,Chelsea,23,1996,21,21,1751,0,0,0,0,5,0,0,0,0,0,0,0.7,0.7,1,0.04,0.05,0.09,0.04,0.09,2019/2020
86,Ciaran Clark,Ciaran-Clark,IRL,DF,Newcastle Utd,29,1989,14,14,1186,2,0,0,0,3,0,0.15,0,0.15,0.15,0.15,1.3,1.3,0,0.1,0,0.1,0.1,0.1,2019/2020
87,Leon Clarke,Leon-Clarke,ENG,FWMF,Sheffield Utd,34,1985,2,0,35,0,0,0,0,0,0,0,0,0,0,0,0.3,0.3,0,0.85,0,0.85,0.85,0.85,2019/2020
88,Tom Cleverley,Tom-Cleverley,ENG,MF,Watford,29,1989,18,11,971,1,0,0,0,2,0,0.09,0,0.09,0.09,0.09,1.6,1.6,0.5,0.15,0.05,0.2,0.15,0.2,2019/2020
89,Conor Coady,Conor-Coady,ENG,DF,Wolves,26,1993,38,38,3420,0,0,0,0,5,0,0,0,0,0,0,0,0,0.7,0,0.02,0.02,0,0.02,2019/2020
90,Séamus Coleman,Seamus-Coleman,IRL,DF,Everton,30,1988,27,21,1839,0,1,0,0,5,1,0,0.05,0.05,0,0.05,0.7,0.7,0.6,0.03,0.03,0.06,0.03,0.06,2019/2020
91,Aaron Connolly,Aaron-Connolly,IRL,FW,Brighton,19,2000,24,14,1258,3,1,0,0,0,0,0.21,0.07,0.29,0.21,0.29,3.2,3.2,0.3,0.23,0.02,0.25,0.23,0.25,2019/2020
92,Lewis Cook,Lewis-Cook,ENG,MF,Bournemouth,22,1997,27,14,1352,0,0,0,0,5,0,0,0,0,0,0,0.3,0.3,1,0.02,0.06,0.08,0.02,0.08,2019/2020
93,Steve Cook,Steve-Cook,ENG,DF,Bournemouth,28,1991,29,28,2428,1,0,0,0,6,1,0.04,0,0.04,0.04,0.04,0.7,0.7,0.3,0.03,0.01,0.04,0.03,0.04,2019/2020
94,Jack Cork,Jack-Cork,ENG,MF,Burnley,30,1989,30,30,2613,0,0,0,0,1,0,0,0,0,0,0,1.7,1.7,0.7,0.06,0.02,0.08,0.06,0.08,2019/2020
95,Aaron Cresswell,Aaron-Cresswell,ENG,DF,West Ham,29,1989,31,31,2727,3,0,0,0,7,0,0.1,0,0.1,0.1,0.1,1.3,1.3,1.8,0.04,0.06,0.1,0.04,0.1,2019/2020
96,Patrick Cutrone,Patrick-Cutrone,ITA,FW,Wolves,21,1998,12,3,297,2,0,0,0,0,0,0.61,0,0.61,0.61,0.61,2.4,2.4,0,0.72,0.01,0.73,0.72,0.73,2019/2020
97,Diogo Dalot,Diogo-Dalot,POR,DF,Manchester Utd,20,1999,4,1,67,0,0,0,0,0,0,0,0,0,0,0,0.2,0.2,0,0.24,0,0.24,0.24,0.24,2019/2020
98,Charlie Daniels,Charlie-Daniels,ENG,DF,Bournemouth,32,1986,2,2,126,0,0,0,0,0,0,0,0,0,0,0,0,0,0.1,0,0.06,0.06,0,0.06,2019/2020
99,Scott Dann,Scott-Dann,ENG,DF,Crystal Palace,32,1987,16,14,1266,0,1,0,0,0,0,0,0.07,0.07,0,0.07,0.4,0.4,0.4,0.03,0.03,0.06,0.03,0.06,2019/2020
100,Kevin Danso,Kevin-Danso,AUT,DF,Southampton,20,1998,6,3,277,0,1,0,0,2,1,0,0.32,0.32,0,0.32,0.1,0.1,0.2,0.04,0.06,0.1,0.04,0.1,2019/2020
101,Ben Davies,Ben-Davies,WAL,DF,Tottenham,26,1993,18,16,1431,0,0,0,0,6,0,0,0,0,0,0,0.2,0.2,0.6,0.01,0.04,0.05,0.01,0.05,2019/2020
102,Tom Davies,Tom-Davies,ENG,MF,Everton,21,1998,30,23,2027,1,0,0,0,8,0,0.04,0,0.04,0.04,0.04,2,2,0.3,0.09,0.01,0.1,0.09,0.1,2019/2020
103,Keinan Davis,Keinan-Davis,ENG,FW,Aston Villa,21,1998,18,4,548,0,0,0,0,0,0,0,0,0,0,0,1.9,1.9,0.2,0.31,0.03,0.34,0.31,0.34,2019/2020
104,Craig Dawson,Craig-Dawson,ENG,DF,Watford,29,1990,29,26,2361,2,0,0,0,6,0,0.08,0,0.08,0.08,0.08,2.3,2.3,0.3,0.09,0.01,0.1,0.09,0.1,2019/2020
105,Kevin De Bruyne,Kevin-De-Bruyne,BEL,MF,Manchester City,28,1991,35,32,2791,13,20,2,2,3,0,0.42,0.64,1.06,0.35,1,7.6,6.1,18.4,0.24,0.59,0.84,0.2,0.79,2019/2020
106,Troy Deeney,Troy-Deeney,ENG,FW,Watford,31,1988,27,26,2225,10,2,5,6,3,0,0.4,0.08,0.49,0.2,0.28,9.8,5.2,3.6,0.4,0.14,0.54,0.21,0.36,2019/2020
107,Fabian Delph,Fabian-Delph,ENG,MF,Everton,29,1989,16,13,1190,0,0,0,0,5,1,0,0,0,0,0,0.1,0.1,0.3,0,0.02,0.03,0,0.03,2019/2020
108,Leander Dendoncker,Leander-Dendoncker,BEL,MFDF,Wolves,24,1995,38,32,2795,4,0,0,0,5,0,0.13,0,0.13,0.13,0.13,1.6,1.6,0.6,0.05,0.02,0.07,0.05,0.07,2019/2020
109,Gerard Deulofeu,Gerard-Deulofeu,ESP,FW,Watford,25,1994,28,25,2098,4,5,1,1,3,0,0.17,0.21,0.39,0.13,0.34,5.2,4.5,4.6,0.22,0.2,0.42,0.19,0.39,2019/2020
110,Eric Dier,Eric-Dier,ENG,DFMF,Tottenham,25,1994,19,15,1344,0,2,0,0,5,0,0,0.13,0.13,0,0.13,1,1,0.1,0.07,0.01,0.07,0.07,0.07,2019/2020
111,Lucas Digne,Lucas-Digne,FRA,DF,Everton,26,1993,35,35,3030,0,7,0,0,6,0,0,0.21,0.21,0,0.21,1.4,1.4,6,0.04,0.18,0.22,0.04,0.22,2019/2020
112,Virgil van Dijk,Virgil-van-Dijk,NED,DF,Liverpool,28,1991,38,38,3420,5,1,0,0,1,0,0.13,0.03,0.16,0.13,0.16,2.9,2.9,1.3,0.08,0.03,0.11,0.08,0.11,2019/2020
113,Issa Diop,Issa-Diop,FRA,DF,West Ham,22,1997,32,31,2766,3,1,0,0,8,0,0.1,0.03,0.13,0.1,0.13,1.6,1.6,0.9,0.05,0.03,0.08,0.05,0.08,2019/2020
114,Moussa Djenepo,Moussa-Djenepo,MLI,MFDF,Southampton,21,1998,18,10,928,2,2,0,0,4,1,0.19,0.19,0.39,0.19,0.39,2.7,2.7,1.3,0.26,0.13,0.39,0.26,0.39,2019/2020
115,Matt Doherty,Matt-Doherty,IRL,DF,Wolves,27,1992,36,32,2839,4,3,0,0,1,0,0.13,0.1,0.22,0.13,0.22,5.2,5.2,1.8,0.16,0.06,0.22,0.16,0.22,2019/2020
116,Abdoulaye Doucouré,Abdoulaye-Doucoure,FRA,MF,Watford,26,1993,37,36,3156,4,2,0,0,9,0,0.11,0.06,0.17,0.11,0.17,5.3,5.3,2.6,0.15,0.08,0.23,0.15,0.23,2019/2020
117,Thomas Doyle,Thomas-Doyle,ENG,MFFW,Manchester City,17,2001,1,0,16,0,0,0,0,0,0,0,0,0,0,0,0.1,0.1,0,0.42,0,0.42,0.42,0.42,2019/2020
118,Danny Drinkwater,Danny-Drinkwater,ENG,MF,Burnley,29,1990,1,1,58,0,0,0,0,0,0,0,0,0,0,0,0,0,0,0,0,0,0,0,2019/2020
119,Danny Drinkwater,Danny-Drinkwater,ENG,MF,Aston Villa,29,1990,4,4,259,0,0,0,0,1,0,0,0,0,0,0,0.1,0.1,0,0.03,0.01,0.04,0.03,0.04,2019/2020
120,Josip Drmić,Josip-Drmic,SUI,FWMF,Norwich City,26,1992,21,5,647,1,0,0,0,0,1,0.14,0,0.14,0.14,0.14,2.6,2.6,0.4,0.36,0.06,0.42,0.36,0.42,2019/2020
121,Martin Dúbravka,Martin-Dubravka,SVK,GK,Newcastle Utd,30,1989,38,38,3420,0,0,0,0,0,0,0,0,0,0,0,0,0,0,0,0,0,0,0,2019/2020
122,Ondrej Duda,Ondrej-Duda,SVK,MF,Norwich City,24,1994,10,9,724,0,0,0,0,0,0,0,0,0,0,0,0.7,0.7,1,0.09,0.13,0.22,0.09,0.22,2019/2020
123,Shane Duffy,Shane-Duffy,IRL,DF,Brighton,27,1992,19,12,1238,1,0,0,0,2,0,0.07,0,0.07,0.07,0.07,1.5,1.5,0,0.11,0,0.11,0.11,0.11,2019/2020
124,Paul Dummett,Paul-Dummett,WAL,DF,Newcastle Utd,27,1991,16,14,1228,0,0,0,0,2,0,0,0,0,0,0,0,0,0.1,0,0.01,0.01,0,0.01,2019/2020
125,Lewis Dunk,Lewis-Dunk,ENG,DF,Brighton,27,1991,36,36,3230,3,3,0,0,9,0,0.08,0.08,0.17,0.08,0.17,4,4,1.1,0.11,0.03,0.14,0.11,0.14,2019/2020
126,Ederson,Ederson,BRA,GK,Manchester City,25,1993,35,35,3071,0,0,0,0,3,1,0,0,0,0,0,0,0,0.1,0,0,0,0,0,2019/2020
127,John Egan,John-Egan,IRL,DF,Sheffield Utd,26,1992,36,36,3187,2,0,0,0,5,1,0.06,0,0.06,0.06,0.06,2.3,2.3,0.1,0.07,0,0.07,0.07,0.07,2019/2020
128,Harvey Elliot,Harvey-Elliot,ENG,DF,Liverpool,16,2003,2,0,8,0,0,0,0,0,0,0,0,0,0,0,0,0,0,0,0,0,0,0,2019/2020
129,Ahmed Elmohamady,Ahmed-Elmohamady,EGY,DF,Aston Villa,31,1987,18,11,1031,1,1,0,0,1,0,0.09,0.09,0.17,0.09,0.17,0.2,0.2,2.6,0.02,0.22,0.24,0.02,0.24,2019/2020
130,Björn Engels,Bjorn-Engels,BEL,DF,Aston Villa,24,1994,17,15,1447,1,0,0,0,1,0,0.06,0,0.06,0.06,0.06,0.8,0.8,0.1,0.05,0,0.05,0.05,0.05,2019/2020
131,Christian Eriksen,Christian-Eriksen,DEN,MFFW,Tottenham,27,1992,20,10,1097,2,2,0,0,5,0,0.16,0.16,0.33,0.16,0.33,1.9,1.9,2,0.16,0.16,0.32,0.16,0.32,2019/2020
132,Jonny Evans,Jonny-Evans,NIR,DF,Leicester City,31,1988,38,38,3383,1,1,0,0,8,1,0.03,0.03,0.05,0.03,0.05,2.6,2.6,0.6,0.07,0.02,0.09,0.07,0.09,2019/2020
133,Łukasz Fabiański,Lukasz-Fabianski,POL,GK,West Ham,34,1985,25,25,2117,0,0,0,0,1,0,0,0,0,0,0,0,0,0,0,0,0,0,0,2019/2020
134,Fabinho,Fabinho,BRA,MF,Liverpool,25,1993,28,22,2079,2,3,0,0,6,0,0.09,0.13,0.22,0.09,0.22,0.4,0.4,1.8,0.02,0.08,0.09,0.02,0.09,2019/2020
135,Ralf Fährmann,Ralf-Fahrmann,GER,GK,Norwich City,30,1988,1,1,21,0,0,0,0,0,0,0,0,0,0,0,0,0,0,0,0,0,0,0,2019/2020
136,Akin Famewo,Akin-Famewo,ENG,MF,Norwich City,20,1998,1,0,1,0,0,0,0,0,0,0,0,0,0,0,0,0,0,0,0,0,0,0,2019/2020
137,Kiko Femenía,Kiko-Femenia,ESP,DF,Watford,28,1991,28,26,2237,0,0,0,0,5,0,0,0,0,0,0,0.1,0.1,1.5,0,0.06,0.07,0,0.07,2019/2020
138,Bruno Fernandes,Bruno-Fernandes,POR,MF,Manchester Utd,24,1994,14,14,1186,8,7,4,4,2,0,0.61,0.53,1.14,0.3,0.83,5.8,2.8,2.5,0.44,0.19,0.63,0.21,0.4,2019/2020
139,Gedson Fernandes,Gedson-Fernandes,POR,MFDF,Tottenham,20,1999,7,0,68,0,0,0,0,0,0,0,0,0,0,0,0,0,0.2,0.07,0.22,0.29,0.07,0.29,2019/2020
140,Federico Fernández,Federico-Fernandez,ARG,DF,Newcastle Utd,30,1989,32,29,2620,2,2,0,0,8,0,0.07,0.07,0.14,0.07,0.14,1.7,1.7,0.3,0.06,0.01,0.07,0.06,0.07,2019/2020
141,Fernandinho,Fernandinho,BRA,DF,Manchester City,34,1985,30,26,2397,0,1,0,0,9,2,0,0.04,0.04,0,0.04,1.1,1.1,0.5,0.04,0.02,0.06,0.04,0.06,2019/2020
142,Roberto Firmino,Roberto-Firmino,BRA,FW,Liverpool,27,1991,38,34,2988,9,8,0,0,0,0,0.27,0.24,0.51,0.27,0.51,13.5,13.5,6.3,0.41,0.19,0.59,0.41,0.59,2019/2020
143,John Fleck,John-Fleck,SCO,MF,Sheffield Utd,27,1991,30,28,2516,5,2,0,0,8,0,0.18,0.07,0.25,0.18,0.25,3.6,3.6,3.3,0.13,0.12,0.24,0.13,0.24,2019/2020
144,Phil Foden,Phil-Foden,ENG,FWMF,Manchester City,19,2000,23,9,901,5,2,0,0,0,0,0.5,0.2,0.7,0.5,0.7,4.3,4.3,2,0.43,0.2,0.63,0.43,0.63,2019/2020
145,Pablo Fornals,Pablo-Fornals,ESP,MFFW,West Ham,23,1996,36,24,2172,2,5,0,0,3,0,0.08,0.21,0.29,0.08,0.29,2.9,2.9,2.2,0.12,0.09,0.21,0.12,0.21,2019/2020
146,Ben Foster,Ben-Foster,ENG,GK,Watford,36,1983,38,38,3420,0,0,0,0,1,0,0,0,0,0,0,0.1,0.1,0,0,0,0,0,0,2019/2020
147,Timothy Fosu-Mensah,Timothy-Fosu-Mensah,NED,DF,Manchester Utd,21,1998,3,2,136,0,0,0,0,1,0,0,0,0,0,0,0.1,0.1,0.1,0.04,0.08,0.13,0.04,0.13,2019/2020
148,Dimitri Foulquier,Dimitri-Foulquier,FRA,MFDF,Watford,26,1993,3,1,59,0,0,0,0,0,0,0,0,0,0,0,0,0,0,0,0.02,0.02,0,0.02,2019/2020
149,Juan Foyth,Juan-Foyth,ARG,DF,Tottenham,21,1998,4,1,68,0,0,0,0,1,0,0,0,0,0,0,0,0,0,0,0.02,0.02,0,0.02,2019/2020
150,Simon Francis,Simon-Francis,ENG,DF,Bournemouth,34,1985,15,10,969,0,0,0,0,5,1,0,0,0,0,0,0.2,0.2,0.3,0.02,0.03,0.04,0.02,0.04,2019/2020
151,Ryan Fraser,Ryan-Fraser,SCO,MFFW,Bournemouth,25,1994,28,21,2067,1,4,0,0,2,0,0.04,0.17,0.22,0.04,0.22,3.3,3.3,4.1,0.14,0.18,0.32,0.14,0.32,2019/2020
152,Fred,Fred,BRA,MF,Manchester Utd,26,1993,29,23,2163,0,0,0,0,8,0,0,0,0,0,0,2,2,2.5,0.08,0.1,0.18,0.08,0.18,2019/2020
153,Ryan Fredericks,Ryan-Fredericks,ENG,DF,West Ham,26,1992,27,25,2237,0,3,0,0,7,0,0,0.12,0.12,0,0.12,0.1,0.1,2.6,0.01,0.1,0.11,0.01,0.11,2019/2020
154,Kieron Freeman,Kieron-Freeman,WAL,FW,Sheffield Utd,27,1992,2,0,7,0,0,0,0,0,0,0,0,0,0,0,0,0,0,0,0,0,0,0,2019/2020
155,Luke Freeman,Luke-Freeman,ENG,MF,Sheffield Utd,27,1992,11,3,366,0,0,0,0,2,0,0,0,0,0,0,0.1,0.1,0.3,0.02,0.07,0.09,0.02,0.09,2019/2020
156,Christian Fuchs,Christian-Fuchs,AUT,DF,Leicester City,33,1986,11,8,772,0,0,0,0,0,0,0,0,0,0,0,0.2,0.2,0.1,0.02,0.01,0.03,0.02,0.03,2019/2020
157,Eric García,Eric-Garcia,ESP,DF,Manchester City,18,2001,13,8,793,0,0,0,0,1,0,0,0,0,0,0,0.5,0.5,0.1,0.06,0.02,0.08,0.06,0.08,2019/2020
158,James Garner,James-Garner,ENG,MF,Manchester Utd,18,2001,1,0,9,0,0,0,0,0,0,0,0,0,0,0,0,0,0,0,0,0,0,0,2019/2020
159,Dwight Gayle,Dwight-Gayle,ENG,FW,Newcastle Utd,28,1990,20,10,850,4,2,0,0,2,0,0.42,0.21,0.64,0.42,0.64,4.4,4.4,0.8,0.47,0.09,0.56,0.47,0.56,2019/2020
160,Paulo Gazzaniga,Paulo-Gazzaniga,ARG,GK,Tottenham,27,1992,18,17,1613,0,0,0,0,1,0,0,0,0,0,0,0,0,0.4,0,0.02,0.02,0,0.02,2019/2020
161,Jean-Philippe Gbamin,Jean-Philippe-Gbamin,CIV,MF,Everton,23,1995,2,1,136,0,0,0,0,0,0,0,0,0,0,0,0,0,0,0,0,0,0,0,2019/2020
162,David de Gea,David-de-Gea,ESP,GK,Manchester Utd,28,1990,38,38,3420,0,0,0,0,2,0,0,0,0,0,0,0,0,0,0,0,0,0,0,2019/2020
163,Anwar El Ghazi,Anwar-El-Ghazi,NED,FWMF,Aston Villa,24,1995,34,26,2051,4,4,1,1,3,0,0.18,0.18,0.35,0.13,0.31,6,5.2,2.8,0.26,0.12,0.39,0.23,0.35,2019/2020
164,Morgan Gibbs-White,Morgan-Gibbs-White,ENG,MFFW,Wolves,19,2000,7,1,129,0,0,0,0,0,0,0,0,0,0,0,0.1,0.1,0.1,0.04,0.07,0.12,0.04,0.12,2019/2020
165,Billy Gilmour,Billy-Gilmour,SCO,MF,Chelsea,18,2001,6,2,194,0,0,0,0,0,0,0,0,0,0,0,0,0,0.1,0.01,0.07,0.08,0.01,0.08,2019/2020
166,Olivier Giroud,Olivier-Giroud,FRA,FW,Chelsea,32,1986,18,12,993,8,0,0,0,1,0,0.73,0,0.73,0.73,0.73,6.7,6.7,1.2,0.6,0.11,0.71,0.6,0.71,2019/2020
167,Ben Godfrey,Ben-Godfrey,ENG,DF,Norwich City,21,1998,30,30,2644,0,0,0,0,3,1,0,0,0,0,0,0.8,0.8,0.1,0.03,0,0.03,0.03,0.03,2019/2020
168,André Gomes,Andre-Gomes,POR,MF,Everton,26,1993,19,17,1458,0,1,0,0,6,0,0,0.06,0.06,0,0.06,0.2,0.2,0.9,0.01,0.05,0.07,0.01,0.07,2019/2020
169,Angel Gomes,Angel-Gomes,ENG,MF,Manchester Utd,18,2000,2,0,21,0,0,0,0,0,0,0,0,0,0,0,0,0,0.1,0,0.63,0.63,0,0.63,2019/2020
170,Joe Gomez,Joe-Gomez,ENG,DF,Liverpool,22,1997,28,22,2004,0,0,0,0,7,0,0,0,0,0,0,0,0,0.2,0,0.01,0.01,0,0.01,2019/2020
171,Anthony Gordon,Anthony-Gordon,ENG,MFFW,Everton,18,2001,11,4,440,0,1,0,0,0,0,0,0.2,0.2,0,0.2,0.2,0.2,0.4,0.05,0.07,0.12,0.05,0.12,2019/2020
172,Dan Gosling,Dan-Gosling,ENG,MF,Bournemouth,29,1990,24,14,1264,3,1,0,0,3,0,0.21,0.07,0.28,0.21,0.28,2.1,2.1,1,0.15,0.07,0.22,0.15,0.22,2019/2020
173,Andre Gray,Andre-Gray,ENG,FW,Watford,28,1991,23,7,755,2,0,0,0,1,0,0.24,0,0.24,0.24,0.24,2.8,2.8,1.4,0.33,0.17,0.5,0.33,0.5,2019/2020
174,Demarai Gray,Demarai-Gray,ENG,MFFW,Leicester City,23,1996,21,3,622,2,3,0,1,1,0,0.29,0.43,0.72,0.29,0.72,2.5,1.7,1.7,0.36,0.24,0.6,0.25,0.49,2019/2020
175,Jack Grealish,Jack-Grealish,ENG,FWMF,Aston Villa,23,1995,36,36,3233,8,6,0,1,8,0,0.22,0.17,0.39,0.22,0.39,6.5,5.7,7,0.18,0.19,0.37,0.16,0.35,2019/2020
176,Mason Greenwood,Mason-Greenwood,ENG,FW,Manchester Utd,17,2001,31,12,1320,10,1,0,0,0,0,0.68,0.07,0.75,0.68,0.75,3.6,3.6,0.7,0.25,0.05,0.3,0.25,0.3,2019/2020
177,Arnaut Groeneveld,Arnaut-Groeneveld,NED,MF,Bournemouth,22,1997,14,6,630,0,0,0,0,0,0,0,0,0,0,0,1,1,0.2,0.14,0.03,0.18,0.14,0.18,2019/2020
178,Pascal Groß,Pascal-Gross,GER,FWMF,Brighton,28,1991,29,22,1796,2,4,0,0,4,0,0.1,0.2,0.3,0.1,0.3,1.9,1.9,5.2,0.09,0.26,0.36,0.09,0.36,2019/2020
179,Vicente Guaita,Vicente-Guaita,ESP,GK,Crystal Palace,32,1987,35,35,3150,0,0,0,0,1,0,0,0,0,0,0,0,0,0,0,0,0,0,0,2019/2020
180,Mattéo Guendouzi,Matteo-Guendouzi,FRA,MF,Arsenal,20,1999,24,19,1748,0,1,0,0,6,0,0,0.05,0.05,0,0.05,0.6,0.6,1.2,0.03,0.06,0.1,0.03,0.1,2019/2020
181,Frederic Guilbert,Frederic-Guilbert,FRA,DF,Aston Villa,24,1994,25,22,2041,0,2,0,0,7,0,0,0.09,0.09,0,0.09,0.4,0.4,1.5,0.02,0.06,0.08,0.02,0.08,2019/2020
182,İlkay Gündoğan,Ilkay-Gundogan,GER,MF,Manchester City,28,1990,31,21,2020,2,1,1,2,7,0,0.09,0.04,0.13,0.04,0.09,4.4,2.9,2.7,0.2,0.12,0.32,0.13,0.25,2019/2020
183,Angus Gunn,Angus-Gunn,ENG,GK,Southampton,23,1996,10,10,900,0,0,0,0,0,0,0,0,0,0,0,0,0,0,0,0,0,0,0,2019/2020
184,Sébastien Haller,Sebastien-Haller,CIV,FW,West Ham,25,1994,32,24,2266,7,1,0,0,1,0,0.28,0.04,0.32,0.28,0.32,7.7,7.7,1.9,0.31,0.08,0.38,0.31,0.38,2019/2020
185,Grant Hanley,Grant-Hanley,SCO,DF,Norwich City,27,1991,15,14,1262,0,0,0,0,4,0,0,0,0,0,0,0.5,0.5,0,0.03,0,0.04,0.03,0.04,2019/2020
186,Kortney Hause,Kortney-Hause,ENG,DF,Aston Villa,24,1995,18,17,1545,1,0,0,0,3,0,0.06,0,0.06,0.06,0.06,2.1,2.1,0.2,0.12,0.01,0.13,0.12,0.13,2019/2020
187,Isaac Hayden,Isaac-Hayden,ENG,MF,Newcastle Utd,24,1995,29,26,2223,1,2,0,0,4,1,0.04,0.08,0.12,0.04,0.12,1.2,1.2,1.6,0.05,0.06,0.11,0.05,0.11,2019/2020
188,Tom Heaton,Tom-Heaton,ENG,GK,Aston Villa,33,1986,20,20,1794,0,0,0,0,0,0,0,0,0,0,0,0,0,0,0,0,0,0,0,2019/2020
189,Dean Henderson,Dean-Henderson,ENG,GK,Sheffield Utd,22,1997,36,36,3240,0,0,0,0,2,0,0,0,0,0,0,0.1,0.1,0,0,0,0,0,0,2019/2020
190,Jordan Henderson,Jordan-Henderson,ENG,MF,Liverpool,29,1990,30,26,2238,4,5,0,0,2,0,0.16,0.2,0.36,0.16,0.36,1.4,1.4,2.8,0.06,0.11,0.17,0.06,0.17,2019/2020
191,Jeff Hendrick,Jeff-Hendrick,IRL,MF,Burnley,27,1992,24,22,1931,2,2,0,0,8,0,0.09,0.09,0.19,0.09,0.19,1.5,1.5,0.7,0.07,0.03,0.11,0.07,0.11,2019/2020
192,Wayne Hennessey,Wayne-Hennessey,WAL,GK,Crystal Palace,32,1987,3,3,270,0,0,0,0,0,0,0,0,0,0,0,0,0,0,0,0,0,0,0,2019/2020
193,Javier Hernández,Javier-Hernandez,MEX,FW,West Ham,31,1988,2,1,107,1,0,0,0,0,0,0.84,0,0.84,0.84,0.84,0.8,0.8,0,0.68,0,0.68,0.68,0.68,2019/2020
194,Onel Hernández,Onel-Hernandez,CUB,FWMF,Norwich City,26,1993,26,14,1384,1,2,0,0,0,0,0.07,0.13,0.2,0.07,0.2,2.5,2.5,0.9,0.16,0.06,0.22,0.16,0.22,2019/2020
195,Son Heung-min,Son-Heung-min,KOR,FWMF,Tottenham,27,1992,30,28,2476,11,10,0,1,0,2,0.4,0.36,0.76,0.4,0.76,8.9,8,7,0.32,0.25,0.58,0.29,0.55,2019/2020
196,George Hirst,George-Hirst,ENG,FW,Leicester City,20,1999,2,0,11,0,0,0,0,0,0,0,0,0,0,0,0.1,0.1,0,0.96,0,0.96,0.96,0.96,2019/2020
197,Rob Holding,Rob-Holding,ENG,DF,Arsenal,23,1995,8,6,581,0,0,0,0,1,0,0,0,0,0,0,0.1,0.1,0,0.01,0,0.01,0.01,0.01,2019/2020
198,José Holebas,Jose-Holebas,GRE,DF,Watford,35,1984,14,11,1025,0,0,0,0,5,0,0,0,0,0,0,0.5,0.5,0.8,0.04,0.07,0.11,0.04,0.11,2019/2020
199,Mason Holgate,Mason-Holgate,ENG,DF,Everton,22,1996,27,24,2054,0,3,0,0,5,0,0,0.13,0.13,0,0.13,2.2,2.2,0.5,0.1,0.02,0.12,0.1,0.12,2019/2020
200,Nathan Holland,Nathan-Holland,ENG,MF,West Ham,21,1998,2,0,33,0,0,0,0,0,0,0,0,0,0,0,0,0,0,0.13,0,0.13,0.13,0.13,2019/2020
201,Conor Hourihane,Conor-Hourihane,IRL,MF,Aston Villa,28,1991,27,18,1534,3,5,0,0,4,0,0.18,0.29,0.47,0.18,0.47,1.6,1.6,5.1,0.09,0.3,0.39,0.09,0.39,2019/2020
202,Callum Hudson-Odoi,Callum-Hudson-Odoi,ENG,FW,Chelsea,18,2000,22,7,863,1,5,0,0,1,0,0.1,0.52,0.63,0.1,0.63,1.7,1.7,2.7,0.18,0.28,0.45,0.18,0.45,2019/2020
203,Will Hughes,Will-Hughes,ENG,MFFW,Watford,24,1995,30,27,2252,1,1,0,0,9,0,0.04,0.04,0.08,0.04,0.08,2.5,2.5,1.2,0.1,0.05,0.15,0.1,0.15,2019/2020
204,Pierre Højbjerg,Pierre-Hojbjerg,DEN,MF,Southampton,23,1995,33,30,2752,0,1,0,0,5,0,0,0.03,0.03,0,0.03,2.7,2.7,2.1,0.09,0.07,0.16,0.09,0.16,2019/2020
205,Jordon Ibe,Jordon-Ibe,ENG,DF,Bournemouth,23,1995,2,0,50,0,0,0,0,0,0,0,0,0,0,0,0,0,0,0,0,0,0,0,2019/2020
206,Adam Idah,Adam-Idah,IRL,FWMF,Norwich City,18,2001,12,1,228,0,0,0,0,0,0,0,0,0,0,0,1,1,0.1,0.4,0.02,0.42,0.4,0.42,2019/2020
207,Odion Ighalo,Odion-Ighalo,NGA,FW,Manchester Utd,30,1989,11,0,101,0,0,0,0,0,0,0,0,0,0,0,1.5,1.5,0.1,1.35,0.13,1.48,1.35,1.48,2019/2020
208,Kelechi Iheanacho,Kelechi-Iheanacho,NGA,FW,Leicester City,22,1996,20,12,960,5,3,0,0,1,0,0.47,0.28,0.75,0.47,0.75,4.8,4.8,2.4,0.45,0.23,0.67,0.45,0.67,2019/2020
209,Danny Ings,Danny-Ings,ENG,FW,Southampton,27,1992,38,32,2804,22,2,1,2,3,0,0.71,0.06,0.77,0.67,0.74,16.7,15.2,2.7,0.54,0.09,0.62,0.49,0.58,2019/2020
210,Alex Iwobi,Alex-Iwobi,NGA,MFFW,Everton,23,1996,25,19,1596,1,0,0,0,0,0,0.06,0,0.06,0.06,0.06,2.4,2.4,2.3,0.13,0.13,0.26,0.13,0.26,2019/2020
211,Phil Jagielka,Phil-Jagielka,ENG,DF,Sheffield Utd,36,1982,6,2,244,0,0,0,0,0,0,0,0,0,0,0,0,0,0,0,0,0,0,0,2019/2020
212,Alireza Jahanbakhsh,Alireza-Jahanbakhsh,IRN,FWMF,Brighton,25,1993,10,3,311,2,0,0,0,0,0,0.58,0,0.58,0.58,0.58,0.5,0.5,0,0.15,0.01,0.16,0.15,0.16,2019/2020
213,Daniel James,Daniel-James,WAL,FW,Manchester Utd,21,1997,33,26,2287,3,6,0,0,4,0,0.12,0.24,0.35,0.12,0.35,3.6,3.6,4,0.14,0.16,0.3,0.14,0.3,2019/2020
214,Matty James,Matty-James,ENG,MF,Leicester City,28,1991,1,0,6,0,0,0,0,0,0,0,0,0,0,0,0,0,0,0,0,0,0,0,2019/2020
215,Reece James,Reece-James,ENG,DF,Chelsea,19,1999,24,16,1515,0,2,0,0,1,0,0,0.12,0.12,0,0.12,0.7,0.7,3.2,0.04,0.19,0.24,0.04,0.24,2019/2020
216,Daryl Janmaat,Daryl-Janmaat,NED,DF,Watford,30,1989,8,7,607,0,1,0,0,1,0,0,0.15,0.15,0,0.15,0.3,0.3,0.4,0.04,0.07,0.11,0.04,0.11,2019/2020
217,Gabriel Jesus,Gabriel-Jesus,BRA,FW,Manchester City,22,1997,34,21,2030,14,7,0,1,3,0,0.62,0.31,0.93,0.62,0.93,18.5,17.7,3.8,0.82,0.17,0.99,0.79,0.95,2019/2020
218,Raúl Jiménez,Raul-Jimenez,MEX,FW,Wolves,28,1991,38,37,3236,17,6,4,4,3,0,0.47,0.17,0.64,0.36,0.53,14.7,11.7,5.6,0.41,0.15,0.56,0.33,0.48,2019/2020
219,Joelinton,Joelinton,BRA,FW,Newcastle Utd,22,1996,38,32,2683,2,2,0,0,7,0,0.07,0.07,0.13,0.07,0.13,4.8,4.8,2.4,0.16,0.08,0.24,0.16,0.24,2019/2020
220,Ben Johnson,Ben-Johnson,ENG,DF,West Ham,19,2000,3,3,270,0,0,0,0,0,0,0,0,0,0,0,0,0,0.2,0,0.05,0.06,0,0.06,2019/2020
221,Curtis Jones,Curtis-Jones,ENG,MF,Liverpool,18,2001,6,1,126,1,0,0,0,0,0,0.71,0,0.71,0.71,0.71,0.9,0.9,0,0.63,0,0.63,0.63,0.63,2019/2020
222,Phil Jones,Phil-Jones,ENG,DF,Manchester Utd,27,1992,2,2,135,0,0,0,0,0,0,0,0,0,0,0,0.2,0.2,0,0.11,0,0.11,0.11,0.11,2019/2020
223,Bruno Jordão,Bruno-Jordao,POR,FW,Wolves,20,1998,1,0,7,0,0,0,0,0,0,0,0,0,0,0,0,0,0,0,0,0,0,0,2019/2020
224,Jorginho,Jorginho,ITA,MF,Chelsea,27,1991,31,27,2379,4,2,3,3,10,0,0.15,0.08,0.23,0.04,0.11,3.4,1.1,2.3,0.13,0.09,0.22,0.04,0.13,2019/2020
225,Jota,Jota,ESP,FWMF,Aston Villa,28,1991,10,4,335,0,1,0,0,0,0,0,0.27,0.27,0,0.27,0.2,0.2,0.6,0.06,0.17,0.24,0.06,0.24,2019/2020
226,Diogo Jota,Diogo-Jota,POR,FWMF,Wolves,22,1996,34,27,2284,7,1,0,0,4,0,0.28,0.04,0.32,0.28,0.32,9.6,9.6,3.7,0.38,0.15,0.53,0.38,0.53,2019/2020
227,James Justin,James-Justin,ENG,DF,Leicester City,21,1998,13,11,1012,0,1,0,0,1,0,0,0.09,0.09,0,0.09,0.4,0.4,1.1,0.04,0.1,0.14,0.04,0.14,2019/2020
228,Christian Kabasele,Christian-Kabasele,BEL,DF,Watford,28,1991,27,26,2250,0,2,0,0,3,2,0,0.08,0.08,0,0.08,1.1,1.1,0.6,0.04,0.02,0.07,0.04,0.07,2019/2020
229,Harry Kane,Harry-Kane,ENG,FW,Tottenham,26,1993,29,29,2587,18,2,2,2,4,0,0.63,0.07,0.7,0.56,0.63,10.5,9,2.3,0.37,0.08,0.45,0.31,0.39,2019/2020
230,N'Golo Kanté,NGolo-Kante,FRA,MF,Chelsea,28,1991,22,20,1732,3,0,0,0,4,0,0.16,0,0.16,0.16,0.16,1.6,1.6,2.1,0.08,0.11,0.19,0.08,0.19,2019/2020
231,Moise Kean,Moise-Kean,ITA,FW,Everton,19,2000,29,6,852,2,2,0,0,1,0,0.21,0.21,0.42,0.21,0.42,4.1,4.1,1,0.44,0.11,0.54,0.44,0.54,2019/2020
232,Michael Keane,Michael-Keane,ENG,DF,Everton,26,1993,31,28,2559,2,0,0,0,3,0,0.07,0,0.07,0.07,0.07,1.7,1.7,0.7,0.06,0.02,0.09,0.06,0.09,2019/2020
233,Naby Keïta,Naby-Keita,GUI,MF,Liverpool,24,1995,18,9,815,2,3,0,0,1,0,0.22,0.33,0.55,0.22,0.55,1.5,1.5,2.3,0.17,0.26,0.43,0.17,0.43,2019/2020
234,Lloyd Kelly,Lloyd-Kelly,ENG,DF,Bournemouth,20,1998,8,7,639,0,0,0,0,2,0,0,0,0,0,0,0,0,0.2,0,0.02,0.03,0,0.03,2019/2020
235,Martin Kelly,Martin-Kelly,ENG,DF,Crystal Palace,29,1990,19,17,1549,0,1,0,0,0,0,0,0.06,0.06,0,0.06,0.1,0.1,0.9,0.01,0.05,0.06,0.01,0.06,2019/2020
236,Max Kilman,Max-Kilman,ENG,DF,Wolves,22,1997,3,2,185,0,0,0,0,0,0,0,0,0,0,0,0,0,0,0,0,0,0,0,2019/2020
237,Joshua King,Joshua-King,NOR,FWMF,Bournemouth,27,1992,26,24,2011,6,4,3,3,0,0,0.27,0.18,0.45,0.13,0.31,6.6,4.3,3.8,0.3,0.17,0.47,0.19,0.36,2019/2020
238,Timm Klose,Timm-Klose,SUI,DF,Norwich City,31,1988,7,7,585,0,0,0,0,0,0,0,0,0,0,0,0.4,0.4,0,0.06,0,0.06,0.06,0.06,2019/2020
239,Jonathan Kodjia,Jonathan-Kodjia,CIV,FWMF,Aston Villa,29,1989,6,0,117,0,0,0,0,1,0,0,0,0,0,0,0.1,0.1,0,0.04,0,0.04,0.04,0.04,2019/2020
240,Sead Kolašinac,Sead-Kolasinac,BIH,DF,Arsenal,26,1993,26,19,1701,0,2,0,0,4,0,0,0.11,0.11,0,0.11,0.7,0.7,1,0.04,0.06,0.09,0.04,0.09,2019/2020
241,Ezri Konsa,Ezri-Konsa,ENG,DF,Aston Villa,21,1997,25,24,2039,1,2,0,0,3,0,0.04,0.09,0.13,0.04,0.13,1.6,1.6,0.5,0.07,0.02,0.09,0.07,0.09,2019/2020
242,Cheikhou Kouyaté,Cheikhou-Kouyate,SEN,MFDF,Crystal Palace,29,1989,35,29,2528,1,1,0,0,4,0,0.04,0.04,0.07,0.04,0.07,1.8,1.8,0.8,0.06,0.03,0.09,0.06,0.09,2019/2020
243,Mateo Kovačić,Mateo-Kovacic,CRO,MF,Chelsea,25,1994,31,23,2073,1,3,0,0,8,0,0.04,0.13,0.17,0.04,0.17,1.4,1.4,1.9,0.06,0.08,0.14,0.06,0.14,2019/2020
244,Emil Krafth,Emil-Krafth,SWE,DF,Newcastle Utd,24,1994,17,11,1020,0,1,0,0,0,0,0,0.09,0.09,0,0.09,0.3,0.3,0.4,0.02,0.03,0.06,0.02,0.06,2019/2020
245,Tim Krul,Tim-Krul,NED,GK,Norwich City,31,1988,36,36,3240,0,0,0,0,4,0,0,0,0,0,0,0,0,0,0,0,0,0,0,2019/2020
246,Alexandre Lacazette,Alexandre-Lacazette,FRA,FW,Arsenal,28,1991,30,22,1874,10,4,0,0,8,0,0.48,0.19,0.67,0.48,0.67,8.5,8.5,3.1,0.41,0.15,0.55,0.41,0.55,2019/2020
247,Adam Lallana,Adam-Lallana,ENG,MFFW,Liverpool,31,1988,15,3,382,1,1,0,0,1,0,0.24,0.24,0.47,0.24,0.47,1.1,1.1,0.7,0.25,0.16,0.41,0.25,0.41,2019/2020
248,Érik Lamela,Erik-Lamela,ARG,MFFW,Tottenham,27,1992,25,12,1215,2,1,0,0,3,0,0.15,0.07,0.22,0.15,0.22,2.7,2.7,1.6,0.2,0.12,0.32,0.2,0.32,2019/2020
249,Tariq Lamptey,Tariq-Lamptey,ENG,DF,Chelsea,18,2000,1,0,32,0,0,0,0,0,0,0,0,0,0,0,0,0,0.1,0,0.32,0.32,0,0.32,2019/2020
250,Tariq Lamptey,Tariq-Lamptey,ENG,DF,Brighton,18,2000,8,7,588,0,1,0,0,2,0,0,0.15,0.15,0,0.15,0.1,0.1,0.6,0.01,0.1,0.11,0.01,0.11,2019/2020
251,Henri Lansbury,Henri-Lansbury,ENG,MF,Aston Villa,28,1990,10,2,195,0,0,0,0,0,0,0,0,0,0,0,0.1,0.1,0.1,0.05,0.03,0.08,0.05,0.08,2019/2020
252,Manuel Lanzini,Manuel-Lanzini,ARG,MFFW,West Ham,26,1993,24,14,1379,0,2,0,0,1,0,0,0.13,0.13,0,0.13,2,2,2.5,0.13,0.16,0.29,0.13,0.29,2019/2020
253,Aymeric Laporte,Aymeric-Laporte,FRA,DF,Manchester City,25,1994,15,14,1097,1,0,0,0,1,0,0.08,0,0.08,0.08,0.08,0.3,0.3,0.1,0.03,0.01,0.03,0.03,0.03,2019/2020
254,Jamaal Lascelles,Jamaal-Lascelles,ENG,DF,Newcastle Utd,25,1993,24,24,2076,1,0,0,0,5,0,0.04,0,0.04,0.04,0.04,0.3,0.3,0.1,0.01,0.01,0.02,0.01,0.02,2019/2020
255,Valentino Lazaro,Valentino-Lazaro,AUT,DFMF,Newcastle Utd,23,1996,13,4,480,1,0,0,0,0,1,0.19,0,0.19,0.19,0.19,0.5,0.5,0.2,0.1,0.04,0.14,0.1,0.14,2019/2020
256,Moritz Leitner,Moritz-Leitner,GER,MF,Norwich City,26,1992,9,7,685,0,0,0,0,1,0,0,0,0,0,0,0.2,0.2,0.3,0.03,0.04,0.07,0.03,0.07,2019/2020
257,Florian Lejeune,Florian-Lejeune,FRA,DF,Newcastle Utd,28,1991,6,4,442,2,0,0,0,0,0,0.41,0,0.41,0.41,0.41,0.6,0.6,0.1,0.12,0.01,0.13,0.12,0.13,2019/2020
258,Aaron Lennon,Aaron-Lennon,ENG,MF,Burnley,32,1987,16,4,496,0,0,0,0,4,0,0,0,0,0,0,0,0,0.1,0,0.02,0.02,0,0.02,2019/2020
259,Bernd Leno,Bernd-Leno,GER,GK,Arsenal,27,1992,30,30,2649,0,0,0,0,2,0,0,0,0,0,0,0,0,0,0,0,0,0,0,2019/2020
260,Jefferson Lerma,Jefferson-Lerma,COL,MF,Bournemouth,24,1994,33,31,2703,1,2,0,0,13,1,0.03,0.07,0.1,0.03,0.1,1.2,1.2,1.8,0.04,0.06,0.1,0.04,0.1,2019/2020
261,Jamal Lewis,Jamal-Lewis,NIR,DF,Norwich City,21,1998,28,25,2304,1,0,0,0,4,0,0.04,0,0.04,0.04,0.04,0.4,0.4,1,0.01,0.04,0.05,0.01,0.05,2019/2020
262,Victor Lindelöf,Victor-Lindelof,SWE,DF,Manchester Utd,25,1994,35,35,3092,1,0,0,0,6,0,0.03,0,0.03,0.03,0.03,0.4,0.4,0.3,0.01,0.01,0.02,0.01,0.02,2019/2020
263,Jesse Lingard,Jesse-Lingard,ENG,MFFW,Manchester Utd,26,1992,22,9,935,1,0,0,0,3,0,0.1,0,0.1,0.1,0.1,2.7,2.7,0.9,0.26,0.09,0.35,0.26,0.35,2019/2020
264,Hugo Lloris,Hugo-Lloris,FRA,GK,Tottenham,32,1986,21,21,1807,0,0,0,0,0,0,0,0,0,0,0,0,0,0,0,0,0,0,0,2019/2020
265,Giovani Lo Celso,Giovani-Lo-Celso,ARG,MFFW,Tottenham,23,1996,28,15,1492,0,2,0,0,6,0,0,0.12,0.12,0,0.12,1.2,1.2,2.1,0.08,0.12,0.2,0.08,0.2,2019/2020
266,Jürgen Locadia,Jurgen-Locadia,NED,MFFW,Brighton,25,1993,2,1,86,0,0,0,0,0,0,0,0,0,0,0,0.3,0.3,0,0.35,0,0.35,0.35,0.35,2019/2020
267,Ruben Loftus-Cheek,Ruben-Loftus-Cheek,ENG,MFFW,Chelsea,23,1996,7,2,208,0,1,0,0,0,0,0,0.43,0.43,0,0.43,0.5,0.5,0.3,0.23,0.13,0.36,0.23,0.36,2019/2020
268,Kevin Long,Kevin-Long,IRL,DF,Burnley,28,1990,8,6,564,0,0,0,0,0,0,0,0,0,0,0,0.2,0.2,0,0.03,0,0.03,0.03,0.03,2019/2020
269,Shane Long,Shane-Long,IRL,FW,Southampton,32,1987,26,15,1395,2,2,0,0,0,0,0.13,0.13,0.26,0.13,0.26,4.8,4.8,1.4,0.31,0.09,0.4,0.31,0.4,2019/2020
270,Matthew Longstaff,Matthew-Longstaff,ENG,MF,Newcastle Utd,19,2000,9,6,575,2,0,0,0,1,0,0.31,0,0.31,0.31,0.31,0.4,0.4,0.2,0.07,0.03,0.1,0.07,0.1,2019/2020
271,Sean Longstaff,Sean-Longstaff,ENG,MF,Newcastle Utd,21,1997,23,14,1378,1,1,0,0,2,1,0.07,0.07,0.13,0.07,0.13,0.9,0.9,1,0.06,0.06,0.13,0.06,0.13,2019/2020
272,Dejan Lovren,Dejan-Lovren,CRO,DF,Liverpool,30,1989,10,9,777,0,1,0,0,1,0,0,0.12,0.12,0,0.12,0.3,0.3,0.4,0.03,0.04,0.07,0.03,0.07,2019/2020
273,Matthew Lowton,Matthew-Lowton,ENG,DF,Burnley,30,1989,17,17,1530,0,1,0,0,2,0,0,0.06,0.06,0,0.06,0,0,1,0,0.06,0.06,0,0.06,2019/2020
274,David Luiz,David-Luiz,BRA,DF,Arsenal,32,1987,33,32,2809,2,1,0,0,5,2,0.06,0.03,0.1,0.06,0.1,1.9,1.9,0.9,0.06,0.03,0.09,0.06,0.09,2019/2020
275,Douglas Luiz,Douglas-Luiz,BRA,MF,Aston Villa,21,1998,36,28,2612,3,2,0,0,8,0,0.1,0.07,0.17,0.1,0.17,2.3,2.3,1.4,0.08,0.05,0.13,0.08,0.13,2019/2020
276,John Lundstram,John-Lundstram,ENG,MF,Sheffield Utd,25,1994,34,26,2458,5,3,0,0,5,0,0.18,0.11,0.29,0.18,0.29,5.2,5.2,2.3,0.19,0.08,0.27,0.19,0.27,2019/2020
277,Alexis Mac Allister,Alexis-Mac-Allister,ARG,MFFW,Brighton,20,1998,9,4,352,0,0,0,0,0,0,0,0,0,0,0,0.4,0.4,0.3,0.09,0.07,0.16,0.09,0.16,2019/2020
278,James Maddison,James-Maddison,ENG,MF,Leicester City,22,1996,31,29,2624,6,3,0,0,4,0,0.21,0.1,0.31,0.21,0.31,4.9,4.9,7.4,0.17,0.25,0.42,0.17,0.42,2019/2020
279,Harry Maguire,Harry-Maguire,ENG,DF,Manchester Utd,26,1993,38,38,3420,1,1,0,0,6,0,0.03,0.03,0.05,0.03,0.05,2,2,0.6,0.05,0.01,0.07,0.05,0.07,2019/2020
280,Riyad Mahrez,Riyad-Mahrez,ALG,FW,Manchester City,28,1991,33,21,1944,11,9,1,1,0,0,0.51,0.42,0.93,0.46,0.88,7.2,6.4,8.8,0.33,0.41,0.74,0.3,0.71,2019/2020
281,Ainsley Maitland-Niles,Ainsley-Maitland-Niles,ENG,DF,Arsenal,21,1997,20,15,1386,0,2,0,0,6,1,0,0.13,0.13,0,0.13,0.3,0.3,1.5,0.02,0.1,0.12,0.02,0.12,2019/2020
282,Sadio Mané,Sadio-Mane,SEN,FW,Liverpool,27,1992,35,31,2747,18,7,0,0,3,0,0.59,0.23,0.82,0.59,0.82,13.8,13.8,7.3,0.45,0.24,0.69,0.45,0.69,2019/2020
283,Javier Manquillo,Javier-Manquillo,ESP,DF,Newcastle Utd,25,1994,21,18,1599,0,1,0,0,5,0,0,0.06,0.06,0,0.06,0.1,0.1,0.4,0,0.02,0.02,0,0.02,2019/2020
284,Solly March,Solly-March,ENG,DFFW,Brighton,25,1994,19,11,1143,0,1,0,0,2,0,0,0.08,0.08,0,0.08,1.4,1.4,0.8,0.11,0.06,0.17,0.11,0.17,2019/2020
285,Pablo Marí,Pablo-Mari,ESP,DF,Arsenal,25,1993,2,2,113,0,0,0,0,0,0,0,0,0,0,0,0,0,0,0,0,0,0,0,2019/2020
286,Adrian Mariappa,Adrian-Mariappa,JAM,DF,Watford,32,1986,20,15,1513,0,0,0,0,6,1,0,0,0,0,0,0.3,0.3,0.4,0.02,0.02,0.04,0.02,0.04,2019/2020
287,Anthony Martial,Anthony-Martial,FRA,FW,Manchester Utd,23,1995,32,31,2624,17,6,0,1,1,0,0.58,0.21,0.79,0.58,0.79,10.9,10.1,4.1,0.37,0.14,0.51,0.35,0.49,2019/2020
288,David Martin,David-Martin,ENG,GK,West Ham,33,1986,5,4,436,0,0,0,0,1,0,0,0,0,0,0,0,0,0,0,0,0,0,0,2019/2020
289,Josh Martin,Josh-Martin,ENG,FW,Norwich City,17,2001,5,0,37,0,0,0,0,0,0,0,0,0,0,0,0.3,0.3,0,0.75,0,0.75,0.75,0.75,2019/2020
290,Martinelli,Martinelli,BRA,FW,Arsenal,18,2001,14,6,663,3,0,0,0,1,0,0.41,0,0.41,0.41,0.41,2.3,2.3,0.3,0.31,0.04,0.34,0.31,0.34,2019/2020
291,Emiliano Martínez,Emiliano-Martinez,ARG,GK,Arsenal,26,1992,9,8,771,0,0,0,0,2,0,0,0,0,0,0,0,0,0,0,0,0,0,0,2019/2020
292,Adam Masina,Adam-Masina,ITA,DF,Watford,25,1994,26,20,1821,1,0,0,0,3,0,0.05,0,0.05,0.05,0.05,0.7,0.7,0.6,0.04,0.03,0.06,0.04,0.06,2019/2020
293,Arthur Masuaku,Arthur-Masuaku,COD,DF,West Ham,25,1993,17,10,937,0,1,0,0,6,1,0,0.1,0.1,0,0.1,0.1,0.1,1,0.01,0.1,0.11,0.01,0.11,2019/2020
294,Juan Mata,Juan-Mata,ESP,MFFW,Manchester Utd,31,1988,19,8,758,0,2,0,0,1,0,0,0.24,0.24,0,0.24,1.1,1.1,2,0.13,0.24,0.37,0.13,0.37,2019/2020
295,Nemanja Matić,Nemanja-Matic,SRB,MF,Manchester Utd,30,1988,21,18,1581,0,2,0,0,3,0,0,0.11,0.11,0,0.11,0.2,0.2,1.2,0.01,0.07,0.08,0.01,0.08,2019/2020
296,Joël Matip,Joel-Matip,CMR,DF,Liverpool,27,1991,9,8,703,1,0,0,0,0,0,0.13,0,0.13,0.13,0.13,0.3,0.3,0,0.04,0,0.04,0.04,0.04,2019/2020
297,Neal Maupay,Neal-Maupay,FRA,FW,Brighton,22,1996,37,30,2766,10,3,1,2,3,0,0.33,0.1,0.42,0.29,0.39,11.6,10.1,2.4,0.38,0.08,0.46,0.33,0.41,2019/2020
298,James McArthur,James-McArthur,SCO,MF,Crystal Palace,31,1987,37,37,3090,0,3,0,0,6,0,0,0.09,0.09,0,0.09,2.5,2.5,2.6,0.07,0.07,0.15,0.07,0.15,2019/2020
299,Oliver McBurnie,Oliver-McBurnie,SCO,FW,Sheffield Utd,23,1996,36,24,2113,6,0,0,0,4,0,0.26,0,0.26,0.26,0.26,7.7,7.7,1.5,0.33,0.06,0.39,0.33,0.39,2019/2020
300,Alex McCarthy,Alex-McCarthy,ENG,GK,Southampton,29,1989,28,28,2520,0,0,0,0,0,0,0,0,0,0,0,0,0,0,0,0,0,0,0,2019/2020
301,James McCarthy,James-McCarthy,IRL,MF,Crystal Palace,28,1990,33,16,1680,0,0,0,0,9,0,0,0,0,0,0,0.4,0.4,0.8,0.02,0.05,0.07,0.02,0.07,2019/2020
302,John McGinn,John-McGinn,SCO,MF,Aston Villa,24,1994,28,27,2312,3,3,0,0,3,0,0.12,0.12,0.23,0.12,0.23,3.8,3.8,2.4,0.15,0.1,0.24,0.15,0.24,2019/2020
303,David McGoldrick,David-McGoldrick,IRL,FW,Sheffield Utd,31,1987,28,22,1815,2,2,0,0,2,0,0.1,0.1,0.2,0.1,0.2,6.8,6.8,2.1,0.34,0.1,0.44,0.34,0.44,2019/2020
304,Michael McGovern,Michael-McGovern,NIR,GK,Norwich City,35,1984,2,1,159,0,0,0,0,0,0,0,0,0,0,0,0,0,0,0,0,0,0,0,2019/2020
305,Kenny McLean,Kenny-McLean,SCO,MF,Norwich City,27,1992,37,32,2968,1,1,0,0,5,0,0.03,0.03,0.06,0.03,0.06,1.5,1.5,2.2,0.05,0.07,0.11,0.05,0.11,2019/2020
306,Dwight McNeil,Dwight-McNeil,ENG,MF,Burnley,19,1999,38,38,3338,2,6,0,0,5,0,0.05,0.16,0.22,0.05,0.22,2.1,2.1,6.6,0.06,0.18,0.23,0.06,0.23,2019/2020
307,Scott McTominay,Scott-McTominay,SCO,MF,Manchester Utd,22,1996,27,20,1772,4,1,0,0,2,0,0.2,0.05,0.25,0.2,0.25,1.5,1.5,0.7,0.08,0.03,0.11,0.08,0.11,2019/2020
308,Ben Mee,Ben-Mee,ENG,DF,Burnley,29,1989,32,32,2880,1,1,0,0,7,0,0.03,0.03,0.06,0.03,0.06,1.7,1.7,0.7,0.05,0.02,0.08,0.05,0.08,2019/2020
309,Benjamin Mendy,Benjamin-Mendy,FRA,DF,Manchester City,25,1994,19,18,1492,0,2,0,0,3,0,0,0.12,0.12,0,0.12,0.3,0.3,1.3,0.02,0.08,0.1,0.02,0.1,2019/2020
310,Nampalys Mendy,Nampalys-Mendy,FRA,MF,Leicester City,27,1992,7,4,291,0,0,0,0,0,0,0,0,0,0,0,0,0,0.1,0,0.03,0.04,0,0.04,2019/2020
311,Chris Mepham,Chris-Mepham,WAL,DF,Bournemouth,21,1997,12,10,912,1,0,0,0,1,0,0.1,0,0.1,0.1,0.1,0.7,0.7,0.1,0.07,0.01,0.07,0.07,0.07,2019/2020
312,Max Meyer,Max-Meyer,GER,MFFW,Crystal Palace,23,1995,17,6,655,0,0,0,0,1,0,0,0,0,0,0,0.6,0.6,0.7,0.08,0.1,0.18,0.08,0.18,2019/2020
313,Luka Milivojević,Luka-Milivojevic,SRB,MF,Crystal Palace,28,1991,31,28,2513,3,1,2,2,12,0,0.11,0.04,0.14,0.04,0.07,2.5,1,1.8,0.09,0.06,0.15,0.03,0.1,2019/2020
314,James Milner,James-Milner,ENG,MFDF,Liverpool,33,1986,22,9,937,2,2,2,2,4,0,0.19,0.19,0.38,0,0.19,2.1,0.6,0.7,0.2,0.07,0.27,0.06,0.12,2019/2020
315,Yerry Mina,Yerry-Mina,COL,DF,Everton,24,1994,29,25,2284,2,1,0,0,3,0,0.08,0.04,0.12,0.08,0.12,2.5,2.5,0.2,0.1,0.01,0.11,0.1,0.11,2019/2020
316,Takumi Minamino,Takumi-Minamino,JPN,FWMF,Liverpool,24,1995,10,2,249,0,0,0,0,0,0,0,0,0,0,0,1.4,1.4,0,0.52,0.01,0.53,0.52,0.53,2019/2020
317,Tyrone Mings,Tyrone-Mings,ENG,DF,Aston Villa,26,1993,33,33,2902,2,2,0,0,7,0,0.06,0.06,0.12,0.06,0.12,1.1,1.1,0.7,0.03,0.02,0.05,0.03,0.05,2019/2020
318,Tyrick Mitchell,Tyrick-Mitchell,ENG,DF,Crystal Palace,19,1999,4,2,195,0,0,0,0,1,0,0,0,0,0,0,0,0,0.2,0,0.09,0.09,0,0.09,2019/2020
319,Henrikh Mkhitaryan,Henrikh-Mkhitaryan,ARM,FW,Arsenal,30,1989,3,1,112,0,0,0,0,1,0,0,0,0,0,0,0.3,0.3,0.2,0.2,0.18,0.38,0.2,0.38,2019/2020
320,Nacho Monreal,Nacho-Monreal,ESP,DF,Arsenal,33,1986,3,3,270,0,0,0,0,0,0,0,0,0,0,0,0.1,0.1,0.3,0.03,0.09,0.12,0.03,0.12,2019/2020
321,Martín Montoya,Martin-Montoya,ESP,DF,Brighton,28,1991,27,23,1896,0,1,0,0,5,0,0,0.05,0.05,0,0.05,1.3,1.3,1.4,0.06,0.07,0.13,0.06,0.13,2019/2020
322,Simon Moore,Simon-Moore,ENG,GK,Sheffield Utd,29,1990,2,2,180,0,0,0,0,0,0,0,0,0,0,0,0,0,0,0,0,0,0,0,2019/2020
323,Aaron Mooy,Aaron-Mooy,AUS,MFFW,Brighton,28,1990,31,25,2085,2,2,0,0,3,1,0.09,0.09,0.17,0.09,0.17,2,2,3.4,0.09,0.15,0.23,0.09,0.23,2019/2020
324,Wesley Moraes,Wesley-Moraes,BRA,FW,Aston Villa,22,1996,21,21,1782,5,1,0,1,3,0,0.25,0.05,0.3,0.25,0.3,5,4.2,0.8,0.25,0.04,0.29,0.21,0.25,2019/2020
325,Wes Morgan,Wes-Morgan,JAM,DF,Leicester City,35,1984,11,4,436,0,0,0,0,0,0,0,0,0,0,0,0.1,0.1,0,0.03,0,0.03,0.03,0.03,2019/2020
326,Ravel Morrison,Ravel-Morrison,JAM,MF,Sheffield Utd,26,1993,1,0,13,0,0,0,0,0,0,0,0,0,0,0,0,0,0,0.15,0,0.15,0.15,0.15,2019/2020
327,Mason Mount,Mason-Mount,ENG,MFFW,Chelsea,20,1999,37,32,2867,7,5,0,0,3,0,0.22,0.16,0.38,0.22,0.38,7.2,7.2,4.6,0.23,0.14,0.37,0.23,0.37,2019/2020
328,Lucas Moura,Lucas-Moura,BRA,FWMF,Tottenham,26,1992,35,25,2242,4,4,0,0,3,0,0.16,0.16,0.32,0.16,0.32,5.9,5.9,2.4,0.24,0.1,0.33,0.24,0.33,2019/2020
329,Lys Mousset,Lys-Mousset,FRA,FW,Sheffield Utd,23,1996,30,11,1240,6,4,0,0,1,0,0.44,0.29,0.73,0.44,0.73,4.9,4.9,2.5,0.36,0.18,0.54,0.36,0.54,2019/2020
330,João Moutinho,Joao-Moutinho,POR,MF,Wolves,32,1986,38,34,3108,1,6,0,0,7,0,0.03,0.17,0.2,0.03,0.2,0.8,0.8,6.1,0.02,0.18,0.2,0.02,0.2,2019/2020
331,Glenn Murray,Glenn-Murray,ENG,FW,Brighton,35,1983,23,7,797,1,1,0,0,0,0,0.11,0.11,0.23,0.11,0.23,2.1,2.1,0.5,0.24,0.05,0.3,0.24,0.3,2019/2020
332,Shkodran Mustafi,Shkodran-Mustafi,GER,DF,Arsenal,27,1992,15,13,1207,0,1,0,0,2,0,0,0.07,0.07,0,0.07,0.8,0.8,0,0.06,0,0.06,0.06,0.06,2019/2020
333,Yoshinori Mutō,Yoshinori-Muto,JPN,FWMF,Newcastle Utd,27,1992,8,2,212,0,0,0,0,0,0,0,0,0,0,0,0.1,0.1,0.1,0.04,0.03,0.06,0.04,0.06,2019/2020
334,Georges-Kévin N'Koudou,Georges-Kevin-NKoudou,FRA,FW,Tottenham,24,1995,1,0,3,0,0,0,0,0,0,0,0,0,0,0,0,0,0,0.63,0,0.63,0.63,0.63,2019/2020
335,Marvelous Nakamba,Marvelous-Nakamba,ZIM,MF,Aston Villa,25,1994,29,19,1836,0,0,0,0,5,0,0,0,0,0,0,0.2,0.2,0.4,0.01,0.02,0.03,0.01,0.03,2019/2020
336,Wilfred Ndidi,Wilfred-Ndidi,NGA,MF,Leicester City,22,1996,32,29,2674,2,1,0,0,6,0,0.07,0.03,0.1,0.07,0.1,1.9,1.9,0.4,0.06,0.01,0.08,0.06,0.08,2019/2020
337,Tanguy Ndombele,Tanguy-Ndombele,FRA,MF,Tottenham,22,1996,21,12,1009,2,2,0,0,3,0,0.18,0.18,0.36,0.18,0.36,0.4,0.4,1.2,0.04,0.11,0.15,0.04,0.15,2019/2020
338,Reiss Nelson,Reiss-Nelson,ENG,FW,Arsenal,19,1999,17,7,631,1,0,0,0,1,0,0.14,0,0.14,0.14,0.14,0.9,0.9,0.7,0.13,0.09,0.22,0.13,0.22,2019/2020
339,Pedro Neto,Pedro-Neto,POR,FWMF,Wolves,19,2000,29,9,939,3,3,0,0,3,0,0.29,0.29,0.58,0.29,0.58,2,2,2.3,0.19,0.22,0.42,0.19,0.42,2019/2020
340,Rúben Neves,Ruben-Neves,POR,MF,Wolves,22,1997,38,35,3056,2,2,0,0,9,0,0.06,0.06,0.12,0.06,0.12,1.6,1.6,2,0.05,0.06,0.11,0.05,0.11,2019/2020
341,Jeremy Ngakia,Jeremy-Ngakia,ENG,DF,West Ham,18,2000,5,5,440,0,0,0,0,0,0,0,0,0,0,0,0,0,0,0.01,0,0.01,0.01,0.01,2019/2020
342,Oumar Niasse,Oumar-Niasse,SEN,FW,Everton,29,1990,3,0,22,0,0,0,0,0,0,0,0,0,0,0,0,0,0,0,0,0,0,0,2019/2020
343,Eddie Nketiah,Eddie-Nketiah,ENG,FW,Arsenal,20,1999,13,7,633,2,0,0,0,0,1,0.28,0,0.28,0.28,0.28,3.1,3.1,0.6,0.45,0.09,0.54,0.45,0.54,2019/2020
344,Mark Noble,Mark-Noble,ENG,MF,West Ham,32,1987,33,32,2674,4,3,3,3,5,0,0.13,0.1,0.24,0.03,0.13,2.8,0.5,2.9,0.09,0.1,0.19,0.02,0.12,2019/2020
345,Oliver Norwood,Oliver-Norwood,NIR,MF,Sheffield Utd,28,1991,38,37,3090,1,1,1,1,8,0,0.03,0.03,0.06,0,0.03,1.4,0.7,4.2,0.04,0.12,0.16,0.02,0.14,2019/2020
346,Ørjan Nyland,Orjan-Nyland,NOR,GK,Aston Villa,28,1990,7,5,539,0,0,0,0,0,0,0,0,0,0,0,0,0,0,0,0,0,0,0,2019/2020
347,Jack O'Connell,Jack-OConnell,ENG,DF,Sheffield Utd,25,1994,33,32,2916,0,1,0,0,4,0,0,0.03,0.03,0,0.03,1.2,1.2,2.1,0.04,0.06,0.1,0.04,0.1,2019/2020
348,Michael Obafemi,Michael-Obafemi,IRL,FW,Southampton,19,2000,21,8,665,3,2,0,0,1,0,0.41,0.27,0.68,0.41,0.68,1.9,1.9,1.2,0.26,0.17,0.43,0.26,0.43,2019/2020
349,Angelo Ogbonna,Angelo-Ogbonna,ITA,DF,West Ham,31,1988,31,31,2786,2,0,0,0,4,0,0.06,0,0.06,0.06,0.06,1.4,1.4,0.1,0.05,0,0.05,0.05,0.05,2019/2020
350,Divock Origi,Divock-Origi,BEL,FW,Liverpool,24,1995,28,7,717,4,1,0,0,1,0,0.5,0.13,0.63,0.5,0.63,2.2,2.2,0.2,0.28,0.03,0.3,0.28,0.3,2019/2020
351,Ben Osborn,Ben-Osborn,ENG,MFDF,Sheffield Utd,24,1994,13,6,594,0,0,0,0,0,0,0,0,0,0,0,0.3,0.3,0.8,0.05,0.13,0.18,0.05,0.18,2019/2020
352,Nicolás Otamendi,Nicolas-Otamendi,ARG,DF,Manchester City,31,1988,24,18,1715,2,0,0,0,3,0,0.1,0,0.1,0.1,0.1,2.4,2.4,0.2,0.12,0.01,0.13,0.12,0.13,2019/2020
353,Alex Oxlade-Chamberlain,Alex-Oxlade-Chamberlain,ENG,MFFW,Liverpool,25,1993,30,17,1485,4,1,0,0,1,0,0.24,0.06,0.3,0.24,0.3,2.9,2.9,1.2,0.17,0.08,0.25,0.17,0.25,2019/2020
354,Mesut Özil,Mesut-Ozil,GER,MF,Arsenal,30,1988,18,18,1438,1,2,0,0,1,0,0.06,0.13,0.19,0.06,0.19,1.3,1.3,2.2,0.08,0.14,0.22,0.08,0.22,2019/2020
355,Emerson Palmieri,Emerson-Palmieri,ITA,DF,Chelsea,24,1994,15,13,1024,0,0,0,0,3,0,0,0,0,0,0,1,1,1.4,0.09,0.13,0.21,0.09,0.21,2019/2020
356,Sokratis Papastathopoulos,Sokratis-Papastathopoulos,GRE,DF,Arsenal,31,1988,19,19,1696,2,0,0,0,6,0,0.11,0,0.11,0.11,0.11,1,1,0.2,0.05,0.01,0.06,0.05,0.06,2019/2020
357,Troy Parrott,Troy-Parrott,IRL,MF,Tottenham,17,2002,2,0,7,0,0,0,0,0,0,0,0,0,0,0,0,0,0,0,0,0,0,0,2019/2020
358,Rui Patrício,Rui-Patricio,POR,GK,Wolves,31,1988,38,38,3420,0,0,0,0,0,0,0,0,0,0,0,0,0,0,0,0,0,0,0,2019/2020
359,Pedro,Pedro,ESP,FW,Chelsea,32,1987,11,8,661,1,1,0,0,1,0,0.14,0.14,0.27,0.14,0.27,2.8,2.8,0.8,0.38,0.11,0.48,0.38,0.48,2019/2020
360,João Pedro,Joao-Pedro,BRA,FWMF,Watford,17,2001,3,0,25,0,0,0,0,0,0,0,0,0,0,0,0.1,0.1,0.2,0.19,0.6,0.79,0.19,0.79,2019/2020
361,Nicolas Pépé,Nicolas-Pepe,CIV,FW,Arsenal,24,1995,31,22,2010,5,6,1,1,4,0,0.22,0.27,0.49,0.18,0.45,4.5,3.8,4.4,0.2,0.2,0.4,0.17,0.37,2019/2020
362,Andreas Pereira,Andreas-Pereira,BRA,MFFW,Manchester Utd,23,1996,25,18,1484,1,3,0,0,3,0,0.06,0.18,0.24,0.06,0.24,2.3,2.3,3.8,0.14,0.23,0.37,0.14,0.37,2019/2020
363,Ricardo Pereira,Ricardo-Pereira,POR,DF,Leicester City,25,1993,28,28,2520,3,2,0,0,1,0,0.11,0.07,0.18,0.11,0.18,1.1,1,3.6,0.04,0.13,0.17,0.04,0.16,2019/2020
364,Roberto Pereyra,Roberto-Pereyra,ARG,FWMF,Watford,28,1991,28,17,1648,3,0,1,1,4,0,0.16,0,0.16,0.11,0.11,2.5,1.7,1.8,0.13,0.1,0.23,0.09,0.19,2019/2020
365,Ayoze Pérez,Ayoze-Perez,ESP,MFFW,Leicester City,26,1993,33,26,2004,8,4,1,1,0,0,0.36,0.18,0.54,0.31,0.49,5.7,4.9,4,0.26,0.18,0.43,0.22,0.4,2019/2020
366,Jordan Pickford,Jordan-Pickford,ENG,GK,Everton,25,1994,38,38,3420,0,0,0,0,2,0,0,0,0,0,0,0,0,0.1,0,0,0,0,0,2019/2020
367,Brandon Pierrick,Brandon-Pierrick,ENG,DFFW,Crystal Palace,17,2001,2,0,15,0,0,0,0,0,0,0,0,0,0,0,0,0,0.1,0,0.5,0.5,0,0.5,2019/2020
368,Erik Pieters,Erik-Pieters,NED,DFMF,Burnley,30,1988,24,21,1878,0,4,0,0,2,0,0,0.19,0.19,0,0.19,0.6,0.6,2.8,0.03,0.13,0.16,0.03,0.16,2019/2020
369,Daniel Podence,Daniel-Podence,POR,FWMF,Wolves,23,1995,9,3,289,1,0,0,0,0,0,0.31,0,0.31,0.31,0.31,1.6,1.6,0.4,0.49,0.13,0.62,0.49,0.62,2019/2020
370,Paul Pogba,Paul-Pogba,FRA,MF,Manchester Utd,26,1993,16,13,1204,1,3,0,1,1,0,0.07,0.22,0.3,0.07,0.3,2,1.2,2.7,0.15,0.2,0.35,0.09,0.29,2019/2020
371,Nick Pope,Nick-Pope,ENG,GK,Burnley,27,1992,38,38,3420,0,0,0,0,1,0,0,0,0,0,0,0,0,0.6,0,0.02,0.02,0,0.02,2019/2020
372,Dennis Praet,Dennis-Praet,BEL,MF,Leicester City,25,1994,27,12,1134,1,2,0,0,2,0,0.08,0.16,0.24,0.08,0.24,1.4,1.4,0.8,0.11,0.07,0.17,0.11,0.17,2019/2020
373,Sebastian Prödl,Sebastian-Prodl,AUT,DF,Watford,32,1987,1,1,56,0,0,0,0,0,0,0,0,0,0,0,0.1,0.1,0,0.08,0,0.08,0.08,0.08,2019/2020
374,Davy Pröpper,Davy-Propper,NED,MF,Brighton,27,1991,35,32,2829,1,2,0,0,4,0,0.03,0.06,0.1,0.03,0.1,1.3,1.3,2.1,0.04,0.07,0.11,0.04,0.11,2019/2020
375,Teemu Pukki,Teemu-Pukki,FIN,FW,Norwich City,29,1990,36,33,2886,11,3,2,2,3,0,0.34,0.09,0.44,0.28,0.37,12.1,10.6,3.1,0.38,0.1,0.47,0.33,0.42,2019/2020
376,Christian Pulisic,Christian-Pulisic,USA,FW,Chelsea,20,1998,25,19,1722,9,4,0,0,0,0,0.47,0.21,0.68,0.47,0.68,8.2,8.2,3.5,0.43,0.18,0.61,0.43,0.61,2019/2020
377,Ignacio Pussetto,Ignacio-Pussetto,ARG,FWDF,Watford,23,1995,7,0,74,0,0,0,0,1,0,0,0,0,0,0,0,0,0,0,0,0,0,0,2019/2020
378,Domingos Quina,Domingos-Quina,POR,MF,Watford,19,1999,4,0,22,0,0,0,0,0,0,0,0,0,0,0,0,0,0,0.08,0,0.08,0.08,0.08,2019/2020
379,Aaron Ramsdale,Aaron-Ramsdale,ENG,GK,Bournemouth,21,1998,37,37,3330,0,1,0,0,0,0,0,0.03,0.03,0,0.03,0,0,0.1,0,0,0,0,0,2019/2020
380,Darren Randolph,Darren-Randolph,IRL,GK,West Ham,32,1987,2,2,180,0,0,0,0,0,0,0,0,0,0,0,0,0,0,0,0,0,0,0,2019/2020
381,Marcus Rashford,Marcus-Rashford,ENG,FW,Manchester Utd,21,1997,31,31,2643,17,7,6,8,3,0,0.58,0.24,0.82,0.37,0.61,17.3,11.2,4.6,0.59,0.16,0.74,0.38,0.54,2019/2020
382,Nathan Redmond,Nathan-Redmond,ENG,MFFW,Southampton,25,1994,32,32,2762,4,4,0,0,2,0,0.13,0.13,0.26,0.13,0.26,5,5,3.2,0.16,0.11,0.27,0.16,0.27,2019/2020
383,Pepe Reina,Pepe-Reina,ESP,GK,Aston Villa,36,1982,12,12,1080,0,0,0,0,1,0,0,0,0,0,0,0,0,0,0,0,0,0,0,2019/2020
384,Declan Rice,Declan-Rice,ENG,MF,West Ham,20,1999,38,38,3420,1,3,0,0,6,0,0.03,0.08,0.11,0.03,0.11,1.1,1.1,1.5,0.03,0.04,0.07,0.03,0.07,2019/2020
385,Richarlison,Richarlison,BRA,FW,Everton,22,1997,36,36,3070,13,3,0,0,8,0,0.38,0.09,0.47,0.38,0.47,9.1,9.1,4.8,0.27,0.14,0.41,0.27,0.41,2019/2020
386,Diego Rico,Diego-Rico,ESP,DF,Bournemouth,26,1993,27,27,2332,0,4,0,0,6,0,0,0.15,0.15,0,0.15,0.3,0.3,2.9,0.01,0.11,0.12,0.01,0.12,2019/2020
387,Jaïro Riedewald,Jairo-Riedewald,NED,DFMF,Crystal Palace,22,1996,17,7,769,0,0,0,0,0,0,0,0,0,0,0,0,0,0.4,0.01,0.05,0.06,0.01,0.06,2019/2020
388,Matt Ritchie,Matt-Ritchie,SCO,DFMF,Newcastle Utd,29,1989,18,14,1315,2,1,0,1,4,0,0.14,0.07,0.21,0.14,0.21,1.6,0.8,2.3,0.11,0.16,0.26,0.05,0.21,2019/2020
389,Roberto,Roberto,ESP,GK,West Ham,33,1986,8,7,687,0,0,0,0,0,0,0,0,0,0,0,0,0,0,0,0,0,0,0,2019/2020
390,Patrick Roberts,Patrick-Roberts,ENG,MFFW,Norwich City,22,1997,3,0,26,0,0,0,0,0,0,0,0,0,0,0,0,0,0,0,0,0,0,0,2019/2020
391,Andrew Robertson,Andrew-Robertson,SCO,DF,Liverpool,25,1994,36,34,3111,2,12,0,0,2,0,0.06,0.35,0.41,0.06,0.41,1.6,1.6,7.6,0.05,0.22,0.27,0.05,0.27,2019/2020
392,Callum Robinson,Callum-Robinson,IRL,FW,Sheffield Utd,24,1995,16,9,676,1,1,0,0,1,0,0.13,0.13,0.27,0.13,0.27,2.1,2.1,0.6,0.28,0.08,0.36,0.28,0.36,2019/2020
393,Jack Robinson,Jack-Robinson,ENG,DF,Sheffield Utd,25,1993,6,6,504,0,0,0,0,0,0,0,0,0,0,0,0,0,0.2,0,0.04,0.04,0,0.04,2019/2020
394,Rodri,Rodri,ESP,MF,Manchester City,23,1996,35,29,2486,3,2,0,0,8,0,0.11,0.07,0.18,0.11,0.18,1,1,1.5,0.04,0.06,0.09,0.04,0.09,2019/2020
395,Jay Rodriguez,Jay-Rodriguez,ENG,FW,Burnley,30,1989,36,20,2016,8,1,1,1,1,0,0.36,0.04,0.4,0.31,0.36,8,7.2,0.9,0.36,0.04,0.4,0.32,0.36,2019/2020
396,Jack Rodwell,Jack-Rodwell,ENG,MF,Sheffield Utd,28,1991,1,0,16,0,0,0,0,0,0,0,0,0,0,0,0,0,0,0,0,0,0,0,2019/2020
397,Marcos Rojo,Marcos-Rojo,ARG,DF,Manchester Utd,29,1990,3,1,122,0,0,0,0,1,0,0,0,0,0,0,0.1,0.1,0,0.08,0,0.08,0.08,0.08,2019/2020
398,Oriol Romeu,Oriol-Romeu,ESP,MF,Southampton,27,1991,30,20,1860,0,0,0,0,5,0,0,0,0,0,0,0.3,0.3,1.3,0.01,0.06,0.07,0.01,0.07,2019/2020
399,Danny Rose,Danny-Rose,ENG,DF,Tottenham,29,1990,12,10,893,0,0,0,0,5,0,0,0,0,0,0,0.2,0.2,0.7,0.02,0.07,0.09,0.02,0.09,2019/2020
400,Danny Rose,Danny-Rose,ENG,DF,Newcastle Utd,29,1990,11,10,863,0,0,0,0,2,0,0,0,0,0,0,0,0,0.2,0,0.02,0.02,0,0.02,2019/2020
401,Antonio Rüdiger,Antonio-Rudiger,GER,DF,Chelsea,26,1993,20,19,1710,2,0,0,0,3,0,0.11,0,0.11,0.11,0.11,0.6,0.6,0.3,0.03,0.02,0.05,0.03,0.05,2019/2020
402,Lukas Rupp,Lukas-Rupp,GER,FWMF,Norwich City,28,1991,12,8,695,0,0,0,0,1,0,0,0,0,0,0,0.3,0.3,0.8,0.04,0.1,0.14,0.04,0.14,2019/2020
403,Mathew Ryan,Mathew-Ryan,AUS,GK,Brighton,27,1992,38,38,3420,0,0,0,0,0,0,0,0,0,0,0,0,0,0,0,0,0,0,0,2019/2020
404,Allan Saint-Maximin,Allan-Saint-Maximin,FRA,MFFW,Newcastle Utd,22,1997,26,23,1863,3,4,0,0,0,0,0.14,0.19,0.34,0.14,0.34,3.2,3.2,3.5,0.16,0.17,0.33,0.16,0.33,2019/2020
405,Romain Saïss,Romain-Saiss,MAR,DF,Wolves,29,1990,33,31,2705,2,1,0,0,12,1,0.07,0.03,0.1,0.07,0.1,2.7,2.7,0.5,0.09,0.02,0.11,0.09,0.11,2019/2020
406,Bukayo Saka,Bukayo-Saka,ENG,DFFW,Arsenal,17,2001,26,19,1753,1,5,0,0,6,0,0.05,0.26,0.31,0.05,0.31,1.3,1.3,3.5,0.07,0.18,0.25,0.07,0.25,2019/2020
407,Mamadou Sakho,Mamadou-Sakho,FRA,DF,Crystal Palace,29,1990,14,11,931,0,0,0,0,1,1,0,0,0,0,0,0,0,0.1,0,0.01,0.01,0,0.01,2019/2020
408,Mohamed Salah,Mohamed-Salah,EGY,FW,Liverpool,27,1992,34,33,2876,19,10,3,3,1,0,0.59,0.31,0.91,0.5,0.81,19.4,17.2,7.3,0.61,0.23,0.84,0.54,0.76,2019/2020
409,Mbwana Samatta,Mbwana-Samatta,TAN,FW,Aston Villa,26,1992,14,11,943,1,0,0,0,1,0,0.1,0,0.1,0.1,0.1,1.9,1.9,0.2,0.18,0.02,0.21,0.18,0.21,2019/2020
410,Carlos Sánchez,Carlos-Sanchez,COL,MFDF,West Ham,33,1986,6,1,117,0,0,0,0,0,0,0,0,0,0,0,0,0,0,0,0,0,0,0,2019/2020
411,Davinson Sánchez,Davinson-Sanchez,COL,DF,Tottenham,23,1996,29,27,2431,0,0,0,0,6,0,0,0,0,0,0,0.6,0.6,0,0.02,0,0.02,0.02,0.02,2019/2020
412,Leroy Sané,Leroy-Sane,GER,FW,Manchester City,23,1996,1,0,12,0,0,0,0,0,0,0,0,0,0,0,0.1,0.1,0,0.76,0,0.76,0.76,0.76,2019/2020
413,Ismaila Sarr,Ismaila-Sarr,SEN,FWMF,Watford,21,1998,28,22,2028,5,4,0,0,1,0,0.22,0.18,0.4,0.22,0.4,5.7,5.7,3.2,0.26,0.14,0.39,0.26,0.39,2019/2020
414,Fabian Schär,Fabian-Schar,SUI,DFMF,Newcastle Utd,27,1991,22,18,1672,2,0,0,0,5,0,0.11,0,0.11,0.11,0.11,1.1,1.1,0.2,0.06,0.01,0.07,0.06,0.07,2019/2020
415,Ezequiel Schelotto,Ezequiel-Schelotto,ITA,DF,Brighton,30,1989,8,4,361,0,0,0,0,2,0,0,0,0,0,0,0.3,0.3,0,0.08,0,0.08,0.08,0.08,2019/2020
416,Jeffrey Schlupp,Jeffrey-Schlupp,GHA,MFDF,Crystal Palace,26,1992,17,11,1036,3,1,0,0,2,0,0.26,0.09,0.35,0.26,0.35,1.7,1.7,1.1,0.14,0.1,0.24,0.14,0.24,2019/2020
417,Kasper Schmeichel,Kasper-Schmeichel,DEN,GK,Leicester City,32,1986,38,38,3420,0,0,0,0,2,0,0,0,0,0,0,0,0,0.5,0,0.01,0.01,0,0.01,2019/2020
418,Morgan Schneiderlin,Morgan-Schneiderlin,FRA,MF,Everton,29,1989,15,12,1001,0,0,0,0,6,1,0,0,0,0,0,0.3,0.3,0.2,0.03,0.02,0.05,0.03,0.05,2019/2020
419,Ryan Sessegnon,Ryan-Sessegnon,ENG,DF,Tottenham,19,2000,6,4,342,0,0,0,0,0,0,0,0,0,0,0,0.1,0.1,0.1,0.03,0.01,0.04,0.03,0.04,2019/2020
420,Xherdan Shaqiri,Xherdan-Shaqiri,SUI,FW,Liverpool,27,1991,7,2,185,1,0,0,0,0,0,0.49,0,0.49,0.49,0.49,0.6,0.6,0.2,0.28,0.11,0.38,0.28,0.38,2019/2020
421,Billy Sharp,Billy-Sharp,ENG,FW,Sheffield Utd,33,1986,25,10,1051,3,2,0,0,1,1,0.26,0.17,0.43,0.26,0.43,2.7,2.7,2.7,0.23,0.23,0.46,0.23,0.46,2019/2020
422,Luke Shaw,Luke-Shaw,ENG,DF,Manchester Utd,24,1995,24,20,1733,0,0,0,0,7,0,0,0,0,0,0,0.5,0.5,1.5,0.02,0.08,0.1,0.02,0.1,2019/2020
423,Jonjo Shelvey,Jonjo-Shelvey,ENG,MF,Newcastle Utd,27,1992,26,25,2119,6,2,0,0,3,0,0.25,0.08,0.34,0.25,0.34,2.5,2.5,3.6,0.1,0.15,0.26,0.1,0.26,2019/2020
424,Djibril Sidibé,Djibril-Sidibe,FRA,DF,Everton,27,1992,25,18,1824,0,4,0,0,3,0,0,0.2,0.2,0,0.2,0.4,0.4,2,0.02,0.1,0.12,0.02,0.12,2019/2020
425,Gylfi Sigurðsson,Gylfi-Sigurdsson,ISL,MF,Everton,29,1989,35,28,2560,2,3,1,1,3,0,0.07,0.11,0.18,0.04,0.14,4.2,3.4,4.1,0.15,0.14,0.29,0.12,0.26,2019/2020
426,Bernardo Silva,Bernardo-Silva,POR,FWMF,Manchester City,24,1994,34,23,2030,6,7,0,0,5,0,0.27,0.31,0.58,0.27,0.58,6.7,6.7,5.4,0.3,0.24,0.54,0.3,0.54,2019/2020
427,David Silva,David-Silva,ESP,MF,Manchester City,33,1986,27,22,1826,6,10,0,0,0,0,0.3,0.49,0.79,0.3,0.79,6.3,6.3,5.4,0.31,0.26,0.58,0.31,0.58,2019/2020
428,Jack Simpson,Jack-Simpson,ENG,DF,Bournemouth,22,1996,4,1,241,0,0,0,0,0,0,0,0,0,0,0,0,0,0,0,0,0,0,0,2019/2020
429,Moussa Sissoko,Moussa-Sissoko,FRA,MF,Tottenham,29,1989,29,28,2452,2,1,0,0,8,0,0.07,0.04,0.11,0.07,0.11,2.4,2.4,1.1,0.09,0.04,0.13,0.09,0.13,2019/2020
430,Oliver Skipp,Oliver-Skipp,ENG,MFDF,Tottenham,18,2000,7,1,77,0,0,0,0,0,0,0,0,0,0,0,0,0,0,0,0,0,0,0,2019/2020
431,William Smallbone,William-Smallbone,IRL,MF,Southampton,19,2000,9,4,393,0,2,0,0,0,0,0,0.46,0.46,0,0.46,0.3,0.3,0.3,0.06,0.07,0.14,0.06,0.14,2019/2020
432,Adam Smith,Adam-Smith,ENG,DF,Bournemouth,28,1991,24,24,2055,0,1,0,0,7,0,0,0.04,0.04,0,0.04,0.6,0.6,1,0.02,0.04,0.07,0.02,0.07,2019/2020
433,Emile Smith-Rowe,Emile-Smith-Rowe,ENG,MF,Arsenal,19,2000,2,1,97,0,0,0,0,0,0,0,0,0,0,0,0,0,0,0,0,0,0,0,2019/2020
434,Robert Snodgrass,Robert-Snodgrass,SCO,MFFW,West Ham,31,1987,24,17,1509,5,5,0,0,4,0,0.3,0.3,0.6,0.3,0.6,2.8,2.8,2.8,0.17,0.17,0.33,0.17,0.33,2019/2020
435,Cédric Soares,Cedric-Soares,POR,DF,Arsenal,27,1991,5,3,249,1,0,0,0,0,0,0.36,0,0.36,0.36,0.36,0,0,0,0.01,0.02,0.02,0.01,0.02,2019/2020
436,Cédric Soares,Cedric-Soares,POR,DF,Southampton,27,1991,16,16,1306,0,1,0,0,1,0,0,0.07,0.07,0,0.07,0.6,0.6,1.2,0.04,0.09,0.13,0.04,0.13,2019/2020
437,Dominic Solanke,Dominic-Solanke,ENG,FWMF,Bournemouth,21,1997,32,17,1651,3,1,0,0,1,0,0.16,0.05,0.22,0.16,0.22,3.7,3.7,0.9,0.2,0.05,0.25,0.2,0.25,2019/2020
438,Tomáš Souček,Tomas-Soucek,CZE,MF,West Ham,24,1995,13,12,1040,3,0,0,0,0,0,0.26,0,0.26,0.26,0.26,2.2,2.2,0.5,0.19,0.04,0.23,0.19,0.23,2019/2020
439,Çağlar Söyüncü,Caglar-Soyuncu,TUR,DF,Leicester City,23,1996,34,34,3036,1,1,0,0,4,1,0.03,0.03,0.06,0.03,0.06,2.3,2.3,0.3,0.07,0.01,0.08,0.07,0.08,2019/2020
440,Dennis Srbeny,Dennis-Srbeny,GER,MFFW,Norwich City,25,1994,8,0,47,1,0,0,0,0,0,1.91,0,1.91,1.91,1.91,0.6,0.6,0,1.15,0,1.15,1.15,1.15,2019/2020
441,Jack Stacey,Jack-Stacey,ENG,DF,Bournemouth,23,1996,19,17,1549,0,2,0,0,2,0,0,0.12,0.12,0,0.12,0.3,0.3,2.2,0.02,0.13,0.14,0.02,0.14,2019/2020
442,Junior Stanislas,Junior-Stanislas,ENG,MFDF,Bournemouth,29,1989,15,7,712,3,0,1,1,1,0,0.38,0,0.38,0.25,0.25,1.6,0.8,0.8,0.2,0.1,0.3,0.1,0.2,2019/2020
443,Jed Steer,Jed-Steer,ENG,GK,Aston Villa,26,1992,1,1,7,0,0,0,0,0,0,0,0,0,0,0,0,0,0,0,0,0,0,0,2019/2020
444,Dale Stephens,Dale-Stephens,ENG,MF,Brighton,30,1989,33,28,2530,0,1,0,0,8,0,0,0.04,0.04,0,0.04,0.5,0.5,1.1,0.02,0.04,0.06,0.02,0.06,2019/2020
445,Jack Stephens,Jack-Stephens,ENG,DF,Southampton,25,1994,28,27,2451,1,3,0,0,4,1,0.04,0.11,0.15,0.04,0.15,0.7,0.7,1.3,0.03,0.05,0.07,0.03,0.07,2019/2020
446,Raheem Sterling,Raheem-Sterling,ENG,FW,Manchester City,24,1994,33,30,2651,20,1,0,2,5,0,0.68,0.03,0.71,0.68,0.71,17.1,15.1,7,0.58,0.24,0.82,0.51,0.75,2019/2020
447,Enda Stevens,Enda-Stevens,IRL,DF,Sheffield Utd,29,1990,38,38,3345,2,4,0,0,7,0,0.05,0.11,0.16,0.05,0.16,1.2,1.2,4.7,0.03,0.13,0.16,0.03,0.16,2019/2020
448,Marco Stiepermann,Marco-Stiepermann,GER,MF,Norwich City,28,1991,24,14,1180,0,0,0,0,6,0,0,0,0,0,0,1.5,1.5,0.5,0.12,0.04,0.16,0.12,0.16,2019/2020
449,John Stones,John-Stones,ENG,DF,Manchester City,25,1994,16,12,1122,0,0,0,0,0,0,0,0,0,0,0,0.6,0.6,0.1,0.05,0.01,0.06,0.05,0.06,2019/2020
450,Isaac Success,Isaac-Success,NGA,FWMF,Watford,23,1996,5,0,70,0,0,0,0,1,0,0,0,0,0,0,0.1,0.1,0.1,0.09,0.1,0.19,0.09,0.19,2019/2020
451,Ki Sung-yueng,Ki-Sung-yueng,KOR,MF,Newcastle Utd,30,1989,3,1,137,0,0,0,0,0,0,0,0,0,0,0,0,0,0.1,0,0.05,0.05,0,0.05,2019/2020
452,Andrew Surman,Andrew-Surman,ENG,MF,Bournemouth,32,1986,5,2,235,0,0,0,0,1,0,0,0,0,0,0,0,0,0,0.01,0.01,0.02,0.01,0.02,2019/2020
453,Sam Surridge,Sam-Surridge,ENG,FW,Bournemouth,21,1998,4,0,27,0,0,0,0,0,0,0,0,0,0,0,0.4,0.4,0,1.35,0,1.35,1.35,1.35,2019/2020
454,Japhet Tanganga,Japhet-Tanganga,ENG,DF,Tottenham,20,1999,6,6,525,0,0,0,0,1,0,0,0,0,0,0,0.1,0.1,0,0.01,0,0.01,0.01,0.01,2019/2020
455,Matt Targett,Matt-Targett,ENG,DF,Aston Villa,23,1995,28,27,2291,1,2,0,0,4,0,0.04,0.08,0.12,0.04,0.12,0.5,0.5,2.7,0.02,0.11,0.13,0.02,0.13,2019/2020
456,James Tarkowski,James-Tarkowski,ENG,DF,Burnley,26,1992,38,38,3420,2,2,0,0,10,0,0.05,0.05,0.11,0.05,0.11,2.4,2.4,2.2,0.06,0.06,0.12,0.06,0.12,2019/2020
457,Charlie Taylor,Charlie-Taylor,ENG,DF,Burnley,25,1993,24,22,1945,0,1,0,0,3,0,0,0.05,0.05,0,0.05,0,0,1.3,0,0.06,0.06,0,0.06,2019/2020
458,Neil Taylor,Neil-Taylor,WAL,DF,Aston Villa,30,1989,14,11,1091,0,0,0,0,2,0,0,0,0,0,0,0.3,0.3,0.2,0.02,0.02,0.04,0.02,0.04,2019/2020
459,Nathan Tella,Nathan-Tella,ENG,FW,Southampton,20,1999,1,0,3,0,0,0,0,0,0,0,0,0,0,0,0.1,0.1,0,1.62,0,1.62,1.62,1.62,2019/2020
460,Alexander Tettey,Alexander-Tettey,NOR,MFDF,Norwich City,33,1986,30,28,2338,1,1,0,0,5,0,0.04,0.04,0.08,0.04,0.08,0.8,0.8,0.8,0.03,0.03,0.06,0.03,0.06,2019/2020
461,Jordan Thomas,Jordan-Thomas,ENG,FW,Norwich City,,,1,0,1,0,0,0,0,0,0,0,0,0,0,0,0,0,0,0,0,0,0,0,2019/2020
462,Luke Thomas,Luke-Thomas,ENG,DF,Leicester City,,,3,3,267,0,1,0,0,0,0,0,0.34,0.34,0,0.34,0,0,0.9,0,0.32,0.32,0,0.32,2019/2020
463,Max Thompson,Max-Thompson,ENG,FW,Burnley,17,2002,1,0,3,0,0,0,0,0,0,0,0,0,0,0,0,0,0,0,0,0,0,0,2019/2020
464,Youri Tielemans,Youri-Tielemans,BEL,MF,Leicester City,22,1997,37,32,2828,3,6,0,0,2,0,0.1,0.19,0.29,0.1,0.29,3.3,3.3,5.4,0.1,0.17,0.28,0.1,0.28,2019/2020
465,Kieran Tierney,Kieran-Tierney,SCO,DF,Arsenal,22,1997,15,12,989,1,1,0,0,2,0,0.09,0.09,0.18,0.09,0.18,0.3,0.3,1.1,0.02,0.1,0.13,0.02,0.13,2019/2020
466,James Tomkins,James-Tomkins,ENG,DF,Crystal Palace,30,1989,18,18,1582,1,1,0,0,5,0,0.06,0.06,0.11,0.06,0.11,1.2,1.2,0.1,0.07,0.01,0.08,0.07,0.08,2019/2020
467,Fikayo Tomori,Fikayo-Tomori,ENG,DF,Chelsea,21,1997,15,15,1291,1,0,0,0,3,0,0.07,0,0.07,0.07,0.07,0.6,0.6,0.2,0.04,0.01,0.05,0.04,0.05,2019/2020
468,Lucas Torreira,Lucas-Torreira,URU,MF,Arsenal,23,1996,29,17,1512,1,1,0,0,7,0,0.06,0.06,0.12,0.06,0.12,1.6,1.6,1.1,0.1,0.07,0.16,0.1,0.16,2019/2020
469,Cenk Tosun,Cenk-Tosun,TUR,FW,Crystal Palace,28,1991,5,2,177,1,0,0,0,0,0,0.51,0,0.51,0.51,0.51,0.7,0.7,0,0.37,0,0.37,0.37,0.37,2019/2020
470,Cenk Tosun,Cenk-Tosun,TUR,FW,Everton,28,1991,5,2,291,1,0,0,0,0,0,0.31,0,0.31,0.31,0.31,0.7,0.7,0.1,0.23,0.03,0.26,0.23,0.26,2019/2020
471,Andros Townsend,Andros-Townsend,ENG,MF,Crystal Palace,28,1991,24,14,1294,1,1,0,0,0,0,0.07,0.07,0.14,0.07,0.14,0.4,0.4,2,0.03,0.14,0.16,0.03,0.16,2019/2020
472,Adama Traoré,Adama-Traore,ESP,FWMF,Wolves,23,1996,37,27,2605,4,9,0,0,1,0,0.14,0.31,0.45,0.14,0.45,3.5,3.5,6.7,0.12,0.23,0.35,0.12,0.35,2019/2020
473,Mark Travers,Mark-Travers,IRL,GK,Bournemouth,20,1999,1,1,90,0,0,0,0,0,0,0,0,0,0,0,0,0,0,0,0,0,0,0,2019/2020
474,Trézéguet,Trezeguet,EGY,FWMF,Aston Villa,24,1994,34,20,1950,6,1,0,0,4,1,0.28,0.05,0.32,0.28,0.32,3.9,3.9,0.8,0.18,0.04,0.22,0.18,0.22,2019/2020
475,Leandro Trossard,Leandro-Trossard,BEL,FWMF,Brighton,24,1994,31,22,2011,5,3,0,0,0,0,0.22,0.13,0.36,0.22,0.36,4.7,4.7,4,0.21,0.18,0.39,0.21,0.39,2019/2020
476,Tom Trybull,Tom-Trybull,GER,MF,Norwich City,26,1993,16,14,1130,0,0,0,0,2,0,0,0,0,0,0,0.4,0.4,0.1,0.03,0,0.04,0.03,0.04,2019/2020
477,Axel Tuanzebe,Axel-Tuanzebe,ENG,DF,Manchester Utd,21,1997,5,2,189,0,0,0,0,0,0,0,0,0,0,0,0,0,0,0,0,0,0,0,2019/2020
478,Yan Valery,Yan-Valery,FRA,DF,Southampton,20,1999,11,10,779,0,0,0,0,1,0,0,0,0,0,0,0.4,0.4,0.7,0.04,0.08,0.13,0.04,0.13,2019/2020
479,Jesús Vallejo,Jesus-Vallejo,ESP,DF,Wolves,22,1997,2,1,163,0,0,0,0,1,0,0,0,0,0,0,0,0,0,0,0,0,0,0,2019/2020
480,Jamie Vardy,Jamie-Vardy,ENG,FW,Leicester City,32,1987,35,34,3033,23,5,4,5,2,0,0.68,0.15,0.83,0.56,0.71,20.3,16.5,5.5,0.6,0.16,0.77,0.49,0.65,2019/2020
481,Indiana Vassilev,Indiana-Vassilev,USA,FWMF,Aston Villa,18,2001,4,0,51,0,0,0,0,0,0,0,0,0,0,0,0,0,0,0.06,0,0.06,0.06,0.06,2019/2020
482,Jan Vertonghen,Jan-Vertonghen,BEL,DF,Tottenham,32,1987,23,19,1645,1,1,0,0,2,0,0.05,0.05,0.11,0.05,0.11,0.3,0.3,1,0.02,0.05,0.07,0.02,0.07,2019/2020
483,Jannik Vestergaard,Jannik-Vestergaard,DEN,DF,Southampton,26,1992,19,17,1497,1,0,0,0,3,0,0.06,0,0.06,0.06,0.06,0.8,0.8,0.1,0.05,0.01,0.06,0.05,0.06,2019/2020
484,Rúben Vinagre,Ruben-Vinagre,POR,DF,Wolves,20,1999,16,6,652,0,0,0,0,1,0,0,0,0,0,0,0.3,0.3,0.5,0.05,0.07,0.12,0.05,0.12,2019/2020
485,Jake Vokins,Jake-Vokins,ENG,DF,Southampton,19,2000,1,1,90,0,0,0,0,0,0,0,0,0,0,0,0,0,0.1,0.02,0.08,0.09,0.02,0.09,2019/2020
486,Mario Vrančić,Mario-Vrancic,BIH,MF,Norwich City,30,1989,20,6,636,1,0,0,0,3,0,0.14,0,0.14,0.14,0.14,1.7,1.7,1.1,0.24,0.15,0.39,0.24,0.39,2019/2020
487,Matěj Vydra,Matej-Vydra,CZE,FW,Burnley,27,1992,19,7,819,2,1,0,0,0,0,0.22,0.11,0.33,0.22,0.33,3.7,3.7,1.1,0.41,0.12,0.53,0.41,0.53,2019/2020
488,Theo Walcott,Theo-Walcott,ENG,MFFW,Everton,30,1989,25,17,1287,2,3,0,0,1,0,0.14,0.21,0.35,0.14,0.35,2.8,2.8,2.8,0.19,0.2,0.39,0.19,0.39,2019/2020
489,Kyle Walker,Kyle-Walker,ENG,DF,Manchester City,29,1990,29,28,2392,1,4,0,0,5,0,0.04,0.15,0.19,0.04,0.19,1,1,2.1,0.04,0.08,0.12,0.04,0.12,2019/2020
490,Kyle Walker-Peters,Kyle-Walker-Peters,ENG,DF,Southampton,22,1997,10,7,703,0,0,0,0,1,0,0,0,0,0,0,0.1,0.1,0.5,0.01,0.07,0.08,0.01,0.08,2019/2020
491,Kyle Walker-Peters,Kyle-Walker-Peters,ENG,DF,Tottenham,22,1997,3,3,241,0,0,0,0,0,0,0,0,0,0,0,0,0,0.1,0.01,0.03,0.04,0.01,0.04,2019/2020
492,Aaron Wan-Bissaka,Aaron-Wan-Bissaka,ENG,DF,Manchester Utd,21,1997,35,34,3070,0,4,0,0,8,0,0,0.12,0.12,0,0.12,0.9,0.9,2.9,0.03,0.08,0.11,0.03,0.11,2019/2020
493,Victor Wanyama,Victor-Wanyama,KEN,MF,Tottenham,28,1991,2,0,25,0,0,0,0,1,0,0,0,0,0,0,0,0,0,0,0,0,0,0,2019/2020
494,Joel Ward,Joel-Ward,ENG,DF,Crystal Palace,29,1989,29,27,2382,0,0,0,0,4,0,0,0,0,0,0,0.3,0.3,0.2,0.01,0.01,0.02,0.01,0.02,2019/2020
495,James Ward-Prowse,James-Ward-Prowse,ENG,MFDF,Southampton,24,1994,38,38,3420,5,3,1,3,9,0,0.13,0.08,0.21,0.11,0.18,7,4.6,5.3,0.19,0.14,0.32,0.12,0.26,2019/2020
496,Kelland Watts,Kelland-Watts,ENG,DF,Newcastle Utd,19,1999,1,0,17,0,0,0,0,0,0,0,0,0,0,0,0,0,0,0,0,0,0,0,2019/2020
497,Adam Webster,Adam-Webster,ENG,DF,Brighton,24,1995,31,31,2668,3,1,0,0,4,0,0.1,0.03,0.13,0.1,0.13,1.1,1.1,1,0.04,0.03,0.07,0.04,0.07,2019/2020
498,Danny Welbeck,Danny-Welbeck,ENG,FWMF,Watford,28,1990,18,8,822,2,0,0,0,0,0,0.22,0,0.22,0.22,0.22,3.3,3.3,0.2,0.36,0.02,0.38,0.36,0.38,2019/2020
499,Ashley Westwood,Ashley-Westwood,ENG,MF,Burnley,29,1990,35,35,3150,2,6,0,0,9,0,0.06,0.17,0.23,0.06,0.23,1.2,1.2,5,0.03,0.14,0.18,0.03,0.18,2019/2020
500,Connor Wickham,Connor-Wickham,ENG,FWMF,Crystal Palace,26,1993,6,0,96,1,1,0,0,0,0,0.94,0.94,1.87,0.94,1.87,1.3,1.3,0.5,1.25,0.46,1.71,1.25,1.71,2019/2020
501,Georginio Wijnaldum,Georginio-Wijnaldum,NED,MF,Liverpool,28,1990,37,35,2935,4,0,0,0,0,0,0.12,0,0.12,0.12,0.12,3.1,3.1,1.2,0.09,0.04,0.13,0.09,0.13,2019/2020
502,Jetro Willems,Jetro-Willems,NED,DF,Newcastle Utd,25,1994,19,18,1493,2,2,0,0,0,0,0.12,0.12,0.24,0.12,0.24,0.6,0.6,1.2,0.04,0.07,0.11,0.04,0.11,2019/2020
503,Brandon Williams,Brandon-Williams,ENG,DF,Manchester Utd,18,2000,17,11,1006,1,0,0,0,6,0,0.09,0,0.09,0.09,0.09,0.7,0.7,0.6,0.06,0.05,0.12,0.06,0.12,2019/2020
504,Neco Williams,Neco-Williams,WAL,DF,Liverpool,18,2001,6,3,230,0,0,0,0,1,0,0,0,0,0,0,0.3,0.3,0.1,0.1,0.04,0.14,0.1,0.14,2019/2020
505,Willian,Willian,BRA,FW,Chelsea,30,1988,36,29,2600,9,7,4,4,4,0,0.31,0.24,0.55,0.17,0.42,7.1,4,6.9,0.25,0.24,0.48,0.14,0.38,2019/2020
506,Joe Willock,Joe-Willock,ENG,MFFW,Arsenal,19,1999,29,8,857,1,1,0,0,2,0,0.11,0.11,0.21,0.11,0.21,2.3,2.3,0.8,0.25,0.09,0.33,0.25,0.33,2019/2020
507,Jack Wilshere,Jack-Wilshere,ENG,MF,West Ham,27,1992,8,2,215,0,0,0,0,0,0,0,0,0,0,0,0,0,0,0,0,0,0,0,2019/2020
508,Callum Wilson,Callum-Wilson,ENG,FW,Bournemouth,27,1992,35,32,2908,8,1,0,0,10,0,0.25,0.03,0.28,0.25,0.28,10,10,3.1,0.31,0.1,0.41,0.31,0.41,2019/2020
509,Harry Wilson,Harry-Wilson,WAL,MFFW,Bournemouth,22,1997,31,20,1646,7,0,0,0,2,0,0.38,0,0.38,0.38,0.38,4.5,4.5,1.6,0.25,0.09,0.34,0.25,0.34,2019/2020
510,Harry Winks,Harry-Winks,ENG,MF,Tottenham,23,1996,31,26,2221,0,0,0,0,9,0,0,0,0,0,0,0.5,0.5,1.1,0.02,0.05,0.07,0.02,0.07,2019/2020
511,Chris Wood,Chris-Wood,NZL,FW,Burnley,27,1991,32,29,2437,14,1,1,1,1,0,0.52,0.04,0.55,0.48,0.52,13,12.2,0.9,0.48,0.03,0.51,0.45,0.48,2019/2020
512,Granit Xhaka,Granit-Xhaka,SUI,MF,Arsenal,26,1992,31,30,2586,1,2,0,0,10,0,0.03,0.07,0.1,0.03,0.1,0.3,0.3,1.1,0.01,0.04,0.05,0.01,0.05,2019/2020
513,Andriy Yarmolenko,Andriy-Yarmolenko,UKR,MFFW,West Ham,29,1989,23,10,991,5,1,0,0,2,0,0.45,0.09,0.54,0.45,0.54,2.1,2.1,2.7,0.19,0.24,0.43,0.19,0.43,2019/2020
514,DeAndre Yedlin,DeAndre-Yedlin,USA,DF,Newcastle Utd,26,1993,16,10,938,1,0,0,0,3,0,0.1,0,0.1,0.1,0.1,0.7,0.7,0.3,0.07,0.03,0.1,0.07,0.1,2019/2020
515,Maya Yoshida,Maya-Yoshida,JPN,DF,Southampton,30,1988,8,6,560,0,0,0,0,1,0,0,0,0,0,0,0.5,0.5,0,0.08,0,0.08,0.08,0.08,2019/2020
516,Ashley Young,Ashley-Young,ENG,DF,Manchester Utd,34,1985,12,10,955,0,0,0,0,5,0,0,0,0,0,0,0.1,0.1,1.2,0.01,0.12,0.13,0.01,0.13,2019/2020
517,Pablo Zabaleta,Pablo-Zabaleta,ARG,DF,West Ham,34,1985,10,6,592,0,0,0,0,2,0,0,0,0,0,0,0,0,0.4,0.01,0.06,0.07,0.01,0.07,2019/2020
518,Wilfried Zaha,Wilfried-Zaha,CIV,MFFW,Crystal Palace,26,1992,38,37,3280,4,3,0,0,5,0,0.11,0.08,0.19,0.11,0.19,5.3,5.3,3.3,0.14,0.09,0.23,0.14,0.23,2019/2020
519,Christoph Zimmermann,Christoph-Zimmermann,GER,DF,Norwich City,26,1993,17,16,1430,0,1,0,0,3,0,0,0.06,0.06,0,0.06,0.3,0.3,0.1,0.02,0.01,0.02,0.02,0.02,2019/2020
520,Oleksandr Zinchenko,Oleksandr-Zinchenko,UKR,DF,Manchester City,22,1996,19,13,1276,0,0,0,0,2,1,0,0,0,0,0,0.4,0.4,1.6,0.03,0.12,0.15,0.03,0.15,2019/2020
521,Richairo Živković,Richairo-Zivkovic,NED,FW,Sheffield Utd,22,1996,5,0,112,0,0,0,0,0,0,0,0,0,0,0,0,0,0.2,0.03,0.13,0.16,0.03,0.16,2019/2020
522,Kurt Zouma,Kurt-Zouma,FRA,DF,Chelsea,24,1994,28,25,2344,0,0,0,0,6,0,0,0,0,0,0,0.8,0.8,0.2,0.03,0.01,0.04,0.03,0.04,2019/2020
